DATA,HORA,GRUPO,PRODUTO,CODIGO,QUANTIDADE,SALDO,UNITARIO,VENDEDOR,USUARIO,CONTROLE
2019-08-05,08:58,0,851,2,4.000,,0.000,0,1,
2019-08-05,08:58,0,854,3,3.000,,0.000,0,1,
2019-08-07,13:53,0,705,2,3.000,,0.000,0,1,
2019-08-07,13:55,0,798,2,51.000,,0.000,0,1,
2019-08-09,13:24,0,1179,2,10.000,,0.000,0,1,
2019-08-09,13:25,0,1181,3,10.000,,0.000,0,1,
2019-08-09,13:25,0,1180,2,2.000,,0.000,0,1,
2019-08-13,13:39,0,94,3,1.000,,0.000,0,1,
2019-08-13,13:39,0,93,2,1.000,,0.000,0,1,
2019-08-13,13:40,0,1513,3,2.000,,0.000,0,1,
2019-08-13,13:40,0,1413,2,1.000,,0.000,0,1,
2019-08-20,13:30,0,1145,3,6.000,,0.000,0,1,
2019-08-20,13:30,0,1126,2,1.000,,0.000,0,1,
2019-08-20,13:31,0,813,3,9.000,,0.000,0,1,
2019-08-20,13:31,0,815,2,11.000,,0.000,0,1,
2019-08-20,13:32,0,1673,2,2.000,,0.000,0,1,
2019-08-23,09:55,0,225,2,2.000,,0.000,0,1,
2019-08-23,09:56,0,803,2,12.000,,0.000,0,1,
2019-08-23,09:57,0,132,2,6.000,,0.000,0,1,
2019-08-23,09:57,0,86,3,6.000,,0.000,0,1,
2019-08-23,09:58,0,579,3,20.000,,0.000,0,1,
2019-08-23,09:59,0,596,3,7.000,,0.000,0,1,
2019-08-27,08:07,0,55,2,2.000,,0.000,0,1,
2019-09-03,08:10,0,1573,2,19.000,,0.000,0,1,
2019-09-03,12:55,0,1588,3,1.000,,0.000,0,1,
2019-09-03,12:55,0,1533,2,25.000,,0.000,0,1,
2019-09-03,12:56,0,1534,3,25.000,,0.000,0,1,
2019-09-03,12:56,0,1155,2,18.000,,0.000,0,1,
2019-09-03,12:57,0,1143,3,51.500,,0.000,0,1,
2019-09-03,12:57,0,1783,2,3.000,,0.000,0,1,
2019-09-03,12:58,0,522,2,7.000,,0.000,0,1,
2019-09-03,12:58,0,523,3,7.000,,0.000,0,1,
2019-09-03,12:58,0,1859,3,1.000,,0.000,0,1,
2019-09-03,12:58,0,1860,3,2.000,,0.000,0,1,
2019-09-03,12:59,0,895,2,1.000,,0.000,0,1,
2019-09-05,10:55,0,970,3,6.000,,0.000,0,1,
2019-09-13,09:18,0,1168,3,4.000,,0.000,0,1,
2019-09-13,09:18,0,1172,2,4.000,,0.000,0,1,
2019-09-13,09:23,0,1009,3,1.000,,0.000,0,1,
2019-09-19,11:38,0,133,2,1.000,,0.000,0,1,
2019-09-19,14:30,0,1656,3,3.000,,0.000,0,1,
2019-09-19,14:30,0,81,2,49.000,,0.000,0,1,
2019-10-02,07:24,0,644,2,1.000,,0.000,0,1,
2019-10-02,07:24,0,1334,3,5.000,,0.000,0,1,
2019-10-02,07:24,0,913,3,4.000,,0.000,0,1,
2019-10-02,07:25,0,96,3,1.000,,0.000,0,1,
2019-10-02,07:26,0,259,3,1.000,,0.000,0,1,
2019-10-08,07:49,0,326,3,77.000,,0.000,0,1,
2019-10-16,13:23,0,856,3,1.000,,0.000,0,1,
2019-10-16,13:24,0,1733,2,2.000,,0.000,0,1,
2019-10-16,13:24,0,794,3,58.500,,0.000,0,1,
2019-10-16,13:26,0,716,3,10.000,,0.000,0,1,
2019-10-16,13:26,0,719,2,3.000,,0.000,0,1,
2019-10-16,13:26,0,720,3,3.000,,0.000,0,1,
2019-10-28,08:50,0,1111,3,30.000,,0.000,0,1,
2019-10-28,08:50,0,1080,2,3.000,,0.000,0,1,
2019-10-28,08:51,0,914,3,4.000,,0.000,0,1,
2019-10-28,08:53,0,2223,2,4.000,,0.000,0,1,
2019-10-28,08:57,0,2224,2,4.000,,0.000,0,1,
2019-10-28,10:01,0,58,3,2.000,,0.000,0,1,
2019-10-31,15:34,0,1851,3,1.000,,0.000,0,1,
2019-10-31,17:22,0,902,3,2.000,,0.000,0,1,
2019-11-07,12:27,0,1701,8,1.000,,12.000,0,1,
2019-11-07,12:27,0,642,8,2.000,,1.800,0,1,
2019-11-07,12:27,0,1174,8,3.000,,1.000,0,1,
2019-11-07,12:27,0,400,8,1.000,,2.000,0,1,
2019-11-07,14:34,0,677,2,128.000,,0.000,0,1,
2019-11-07,14:35,0,1174,2,3.000,,0.000,0,1,
2019-11-07,14:35,0,1729,3,1.000,,0.000,0,1,
2019-11-07,14:35,0,404,3,1.000,,0.000,0,1,
2019-11-07,14:36,0,520,3,1.000,,0.000,0,1,
2019-11-11,08:09,0,2144,2,2.000,,0.000,0,1,
2019-11-19,14:51,0,813,3,9.000,,0.000,0,1,
2019-11-19,14:53,0,1150,3,1.000,,0.000,0,1,
2019-11-19,17:15,0,2124,2,6.000,,0.000,0,1,
2019-11-23,11:32,0,559,2,1.000,,0.000,0,1,
2019-11-23,11:33,0,566,2,2.000,,0.000,0,1,
2019-11-23,11:33,0,653,3,4.000,,0.000,0,1,
2019-11-23,11:34,0,396,3,3.000,,0.000,0,1,
2019-11-27,13:45,0,843,3,3.000,,0.000,0,1,
2019-12-04,10:42,0,431,3,1.000,,0.000,0,1,
2019-12-04,10:42,0,593,3,2.000,,0.000,0,1,
2019-12-09,16:02,0,12,3,31.000,,0.000,0,1,
2019-12-09,16:03,0,1750,2,186.000,,0.000,0,1,
2019-12-10,10:38,0,685,3,1.000,,0.000,0,1,
2019-12-10,10:38,0,1441,3,1.000,,0.000,0,1,
2019-12-10,10:38,0,1428,3,16.000,,0.000,0,1,
2019-12-16,17:50,0,854,3,3.000,,0.000,0,1,
2019-12-16,17:54,0,851,2,4.000,,0.000,0,1,
2019-12-16,18:00,0,854,3,3.000,,0.000,0,1,
2019-12-20,14:44,0,1147,2,54.500,,0.000,0,1,
2019-12-20,14:44,0,1335,3,2.000,,0.000,0,1,
2019-12-20,14:44,0,692,3,2.000,,0.000,0,1,
2019-12-20,14:44,0,52,2,2.000,,0.000,0,1,
2019-12-20,14:45,0,54,2,28.000,,0.000,0,1,
2019-12-23,14:41,0,1675,2,70.000,,0.000,0,1,
2019-12-23,14:41,0,1851,3,1.000,,0.000,0,1,
2019-12-26,16:52,0,1735,3,1.000,,0.000,0,1,
2019-12-26,16:53,0,1736,3,4.000,,0.000,0,1,
2019-12-26,17:03,0,2120,2,4.000,,0.000,0,1,
2020-01-03,15:09,0,1740,3,1.000,,0.000,0,1,
2020-01-08,11:07,0,1772,3,1.000,,0.000,0,1,
2020-01-08,11:08,0,1773,3,10.000,,0.000,0,1,
2020-01-08,11:08,0,1451,3,2.000,,0.000,0,1,
2020-01-08,11:11,0,1143,3,51.500,,0.000,0,1,
2020-01-17,13:41,0,1445,3,6.000,,0.000,0,1,
2020-01-17,13:41,0,1345,3,1.000,,0.000,0,1,
2020-01-17,13:41,0,814,3,2.000,,0.000,0,1,
2020-01-17,13:44,0,1411,2,1.000,,0.000,0,1,
2020-01-17,13:44,0,1517,3,1.000,,0.000,0,1,
2020-01-17,13:45,0,882,3,8.000,,0.000,0,1,
2020-01-17,13:58,0,341,2,77.000,,0.000,0,1,
2020-01-28,14:21,0,1647,3,1.000,,0.000,0,1,
2020-01-28,14:21,0,1513,3,2.000,,0.000,0,1,
2020-01-28,14:23,0,1501,2,2.000,,0.000,0,1,
2020-01-28,14:23,0,1750,2,186.000,,0.000,0,1,
2020-01-28,14:24,0,1326,2,227.000,,0.000,0,1,
2020-01-31,08:44,0,877,2,60.000,,0.000,0,1,
2020-01-31,08:44,0,878,3,4.000,,0.000,0,1,
2020-01-31,08:44,0,880,3,10.000,,0.000,0,1,
2020-02-05,11:27,0,465,3,12.000,,0.000,0,1,
2020-02-11,13:53,0,1548,2,1.000,,0.000,0,1,
2020-02-11,13:54,0,1106,2,2.000,,0.000,0,1,
2020-02-18,09:33,0,98,2,1.000,,0.000,0,1,
2020-02-18,09:38,0,12,3,31.000,,0.000,0,1,
2020-02-18,09:39,0,1222,3,2.000,,0.000,0,1,
2020-02-18,09:40,0,324,3,2.000,,0.000,0,1,
2020-02-18,10:40,0,2164,2,2.000,,0.000,0,1,
2020-02-18,11:04,0,770,3,1.000,,0.000,0,1,
2020-02-18,11:43,0,2164,2,2.000,,0.000,0,1,
2020-02-21,16:35,0,1029,2,1.000,,0.000,0,1,
2020-02-21,16:37,0,149,3,6.000,,0.000,0,1,
2020-02-21,17:22,0,1382,2,10.000,,0.000,0,1,
2020-03-13,09:53,0,1759,2,2.000,,0.000,0,1,
2020-03-13,09:54,0,1113,3,1.000,,0.000,0,1,
2020-03-13,09:54,0,1114,2,29.000,,0.000,0,1,
2020-03-13,09:54,0,1112,3,1.000,,0.000,0,1,
2020-03-24,15:17,0,1236,3,10.000,,0.000,0,1,
2020-03-24,15:26,0,1236,3,10.000,,0.000,0,1,
2020-04-02,08:20,0,513,2,5.000,,0.000,0,1,
2020-04-06,13:30,0,175,3,10.000,,0.000,0,1,
2020-04-06,13:30,0,176,2,10.000,,0.000,0,1,
2020-04-28,09:13,0,1858,2,2.000,,0.000,0,1,
2020-04-28,09:19,0,1029,2,1.000,,0.000,0,1,
2020-04-28,09:23,0,1146,2,5.000,,0.000,0,1,
2020-04-29,08:31,0,856,3,1.000,,0.000,0,1,
2020-04-30,16:53,0,20,3,2517.000,,0.000,0,1,
2020-04-30,16:59,0,1024,3,256.000,,0.000,0,1,
2020-05-09,09:20,0,880,3,10.000,,0.000,0,1,
2020-05-09,09:27,0,1482,3,2.000,,0.000,0,1,
2020-05-09,09:30,0,1482,3,2.000,,0.000,0,1,
2020-05-09,14:32,0,121,3,1.000,,0.000,0,1,
2020-05-13,14:20,0,1085,3,3.000,,0.000,0,1,
2020-05-13,15:00,0,426,2,1.000,,0.000,0,1,
2020-05-13,15:04,0,121,3,1.000,,0.000,0,1,
2020-05-14,07:53,0,92,2,1.000,,0.000,0,1,
2020-05-14,07:53,0,93,2,1.000,,0.000,0,1,
2020-05-14,07:54,0,94,3,1.000,,0.000,0,1,
2020-05-14,07:55,0,94,3,1.000,,0.000,0,1,
2020-05-14,07:56,0,95,3,1.000,,0.000,0,1,
2020-05-14,07:56,0,93,2,1.000,,0.000,0,1,
2020-05-15,12:09,0,71,3,58.000,,0.000,0,1,
2020-05-22,13:45,0,1085,3,3.000,,0.000,0,1,
2020-05-27,07:20,0,814,3,2.000,,0.000,0,1,
2020-05-27,07:21,0,713,3,1.000,,0.000,0,1,
2020-05-27,07:22,0,713,3,1.000,,0.000,0,1,
2020-05-27,07:23,0,1140,2,1.000,,0.000,0,1,
2020-05-27,07:27,0,1542,2,1.000,,0.000,0,1,
2020-05-27,07:28,0,2144,2,2.000,,0.000,0,1,
2020-05-27,07:32,0,96,3,1.000,,0.000,0,1,
2020-05-29,08:25,0,1860,3,2.000,,0.000,0,1,
2020-05-29,08:27,0,1859,3,1.000,,0.000,0,1,
2020-06-01,15:53,0,1533,2,25.000,,0.000,0,1,
2020-06-01,15:53,0,1534,3,25.000,,0.000,0,1,
2020-06-05,15:13,0,1111,3,30.000,,0.000,0,1,
2020-06-06,10:59,0,893,3,5.000,,0.000,0,1,
2020-06-06,11:01,0,909,3,1.000,,0.000,0,1,
2020-06-06,15:26,0,1848,3,1.000,,0.000,0,1,
2020-06-08,09:10,0,876,3,229.000,,0.000,0,1,
2020-06-15,15:37,0,714,3,29.000,,0.000,0,1,
2020-06-15,15:52,0,1509,2,1.000,,0.000,0,1,
2020-06-15,15:57,0,1414,3,1.000,,0.000,0,1,
2020-06-15,16:00,0,1192,2,1.000,,0.000,0,1,
2020-06-15,16:06,0,1565,2,1.000,,0.000,0,1,
2020-06-16,09:57,0,73172,1,0.000,,0.000,0,1,
2020-06-18,10:07,0,1043,3,7.000,,0.000,0,1,
2020-06-18,10:07,0,1045,3,2.000,,0.000,0,1,
2020-06-22,13:01,0,1339,2,3.000,,0.000,0,1,
2020-06-29,14:34,0,1582,2,31.000,,0.000,0,1,
2020-06-29,14:52,0,1781,2,11.000,,0.000,0,1,
2020-07-07,10:28,0,1781,2,11.000,,0.000,0,1,
2020-07-07,14:03,0,1822,2,5.000,,0.000,0,1,
2020-07-08,10:08,0,694,2,9.000,,0.000,0,1,
2020-07-08,16:05,0,1897,2,8.000,,0.000,0,1,
2020-07-09,11:02,0,1399,3,1.000,,0.000,0,1,
2020-07-09,11:06,0,1178,3,3.000,,0.000,0,1,
2020-07-14,08:29,0,1649,2,1.000,,0.000,0,1,
2020-07-14,08:29,0,1340,2,1.000,,0.000,0,1,
2020-07-14,08:30,0,1614,2,2.000,,0.000,0,1,
2020-07-14,09:30,0,1438,2,1.000,,0.000,0,1,
2020-07-14,09:31,0,1439,3,1.000,,0.000,0,1,
2020-07-14,09:31,0,1440,2,1.000,,0.000,0,1,
2020-07-14,09:32,0,1441,3,1.000,,0.000,0,1,
2020-07-14,09:32,0,1442,2,20.000,,0.000,0,1,
2020-07-16,09:41,0,1888,3,1.000,,0.000,0,1,
2020-07-17,14:36,0,1025,3,2.000,,0.000,0,1,
2020-07-17,14:38,0,1361,3,6.000,,0.000,0,1,
2020-07-17,14:38,0,1358,2,6.000,,0.000,0,1,
2020-07-17,14:38,0,1350,2,4.000,,0.000,0,1,
2020-07-17,14:38,0,1209,3,17.000,,0.000,0,1,
2020-07-17,14:40,0,458,2,3.000,,0.000,0,1,
2020-07-17,14:40,0,459,3,2.000,,0.000,0,1,
2020-07-17,14:58,0,1566,3,1.000,,0.000,0,1,
2020-07-17,14:58,0,1565,2,1.000,,0.000,0,1,
2020-07-21,08:45,0,765,3,168.000,,0.000,0,1,
2020-07-23,10:09,0,526,2,8.000,,0.000,0,1,
2020-07-25,11:26,0,1754,2,168.000,,0.000,0,1,
2020-07-28,11:10,0,1520,3,1.000,,0.000,0,1,
2020-07-28,11:14,0,892,2,5.000,,0.000,0,1,
2020-07-28,11:14,0,893,3,5.000,,0.000,0,1,
2020-07-28,11:47,0,1822,2,5.000,,0.000,0,1,
2020-08-06,10:24,0,1242,3,1506.000,,0.000,0,1,
2020-08-06,10:25,0,1243,2,1406.000,,0.000,0,1,
2020-08-06,10:25,0,1244,3,80.000,,0.000,0,1,
2020-08-06,10:26,0,1757,2,180.000,,0.000,0,1,
2020-08-06,13:54,0,1763,2,1.000,,0.000,0,1,
2020-08-06,13:54,0,1110,3,8.000,,0.000,0,1,
2020-08-06,13:55,0,1236,3,10.000,,0.000,0,1,
2020-08-06,15:42,0,765,3,168.000,,0.000,0,1,
2020-08-08,08:15,0,1616,2,1.000,,0.000,0,1,
2020-08-10,12:34,0,2164,2,2.000,,0.000,0,1,
2020-08-11,07:50,0,596,3,7.000,,0.000,0,1,
2020-08-11,07:51,0,1230,3,5.000,,0.000,0,1,
2020-08-11,07:51,0,1382,2,10.000,,0.000,0,1,
2020-08-11,08:27,0,1085,3,3.000,,0.000,0,1,
2020-08-11,09:56,0,1781,2,11.000,,0.000,0,1,
2020-08-12,10:38,0,981,3,71.000,,0.000,0,1,
2020-08-15,09:17,0,1111,3,30.000,,0.000,0,1,
2020-08-15,09:18,0,965,3,3.000,,0.000,0,1,
2020-08-15,09:19,0,914,3,4.000,,0.000,0,1,
2020-08-15,11:08,0,132,2,6.000,,0.000,0,1,
2020-08-15,11:08,0,1285,2,1.000,,0.000,0,1,
2020-08-15,11:10,0,970,3,6.000,,0.000,0,1,
2020-08-18,14:01,0,1043,3,7.000,,0.000,0,1,
2020-08-18,14:01,0,1045,3,2.000,,0.000,0,1,
2020-08-21,09:06,0,404,3,1.000,,0.000,0,1,
2020-08-21,09:17,0,514,3,6.000,,0.000,0,1,
2020-08-21,16:16,0,966,2,2.000,,0.000,0,1,
2020-08-21,16:17,0,967,2,30.000,,0.000,0,1,
2020-08-21,16:26,0,964,2,1.000,,0.000,0,1,
2020-08-22,10:27,0,341,2,77.000,,0.000,0,1,
2020-08-25,09:11,0,1010,3,1.000,,0.000,0,1,
2020-08-25,09:13,0,1011,2,1.000,,0.000,0,1,
2020-08-25,09:13,0,1009,3,1.000,,0.000,0,1,
2020-08-25,12:33,0,333,3,285.000,,0.000,0,1,
2020-08-26,12:24,0,58,3,2.000,,0.000,0,1,
2020-08-27,09:43,0,1573,2,19.000,,0.000,0,1,
2020-08-28,11:04,0,819,3,1.000,,0.000,0,1,
2020-08-28,16:10,0,64,3,11.000,,0.000,0,1,
2020-08-29,11:26,0,565,3,1.000,,0.000,0,1,
2020-08-29,11:26,0,58,3,2.000,,0.000,0,1,
2020-08-29,11:27,0,291,3,1.000,,0.000,0,1,
2020-08-29,11:28,0,75,3,10.000,,0.000,0,1,
2020-08-29,11:28,0,64,3,11.000,,0.000,0,1,
2020-08-29,11:29,0,2042,2,1.000,,0.000,0,1,
2020-08-29,11:29,0,1541,3,3.000,,0.000,0,1,
2020-08-29,11:30,0,1099,2,39.000,,0.000,0,1,
2020-08-29,11:30,0,1100,3,39.000,,0.000,0,1,
2020-08-29,11:31,0,1325,2,2.000,,0.000,0,1,
2020-09-08,09:24,0,333,3,285.000,,0.000,0,1,
2020-09-08,10:02,0,70,2,15.000,,0.000,0,1,
2020-09-09,09:19,0,813,3,9.000,,0.000,0,1,
2020-09-09,09:19,0,814,3,2.000,,0.000,0,1,
2020-09-09,09:19,0,1334,3,5.000,,0.000,0,1,
2020-09-09,09:20,0,1108,3,14.000,,0.000,0,1,
2020-09-09,09:21,0,1351,3,2.000,,0.000,0,1,
2020-09-09,09:21,0,1143,3,51.500,,0.000,0,1,
2020-09-09,09:22,0,1145,3,6.000,,0.000,0,1,
2020-09-10,08:09,0,1235,2,10.000,,0.000,0,1,
2020-09-15,15:16,0,62,3,1.000,,0.000,0,1,
2020-09-15,15:17,0,228,3,4.000,,0.000,0,1,
2020-09-15,15:18,0,1155,2,18.000,,0.000,0,1,
2020-09-16,11:13,0,204,3,1.000,,0.000,0,1,
2020-09-16,11:13,0,1381,3,60.000,,0.000,0,1,
2020-09-16,11:14,0,1288,3,2.000,,0.000,0,1,
2020-09-18,13:55,0,1414,3,1.000,,0.000,0,1,
2020-09-18,13:55,0,1222,3,2.000,,0.000,0,1,
2020-09-18,13:56,0,1157,3,1.000,,0.000,0,1,
2020-09-18,13:58,0,1159,3,5.000,,0.000,0,1,
2020-09-18,13:58,0,1158,3,3.000,,0.000,0,1,
2020-09-21,13:03,0,1888,3,1.000,,0.000,0,1,
2020-09-22,15:54,0,1144,2,2.000,,0.000,0,1,
2020-09-23,14:18,0,1236,3,10.000,,0.000,0,1,
2020-09-29,08:33,0,1395,2,7.000,,0.000,0,1,
2020-09-29,09:12,0,1946,2,4.000,,0.000,0,1,
2020-09-29,09:14,0,880,3,10.000,,0.000,0,1,
2020-09-29,09:15,0,1783,2,3.000,,0.000,0,1,
2020-09-29,09:16,0,1848,3,1.000,,0.000,0,1,
2020-09-29,09:17,0,1586,3,1.000,,0.000,0,1,
2020-09-29,09:18,0,712,2,2.000,,0.000,0,1,
2020-09-29,09:18,0,713,3,1.000,,0.000,0,1,
2020-09-29,13:27,0,545,3,50.000,,0.000,0,1,
2020-10-02,08:44,0,1517,3,1.000,,0.000,0,1,
2020-10-02,08:45,0,1501,2,2.000,,0.000,0,1,
2020-10-02,08:46,0,903,2,6.000,,0.000,0,1,
2020-10-02,08:46,0,1413,2,1.000,,0.000,0,1,
2020-10-02,08:47,0,1106,2,2.000,,0.000,0,1,
2020-10-02,08:47,0,577,3,2.000,,0.000,0,1,
2020-10-09,09:49,0,1784,3,3.000,,0.000,0,1,
2020-10-09,11:44,0,942,2,1.000,,0.000,0,1,
2020-10-09,12:21,0,866,3,1.000,,0.000,0,1,
2020-10-16,08:51,0,330,2,1.000,,0.000,0,1,
2020-10-16,08:52,0,2130,2,1.000,,0.000,0,1,
2020-10-16,08:52,0,1596,2,1.000,,0.000,0,1,
2020-10-16,08:53,0,1595,2,6.000,,0.000,0,1,
2020-10-16,08:53,0,1591,3,1.000,,0.000,0,1,
2020-10-16,08:53,0,1589,3,2.000,,0.000,0,1,
2020-10-16,08:54,0,1590,2,1.000,,0.000,0,1,
2020-10-16,08:54,0,1592,3,1.000,,0.000,0,1,
2020-10-16,08:54,0,1599,2,1.000,,0.000,0,1,
2020-10-16,08:55,0,1600,3,1.000,,0.000,0,1,
2020-10-16,08:57,0,439,3,1.000,,0.000,0,1,
2020-10-16,09:12,0,1149,2,1.000,,0.000,0,1,
2020-10-16,09:12,0,363,2,2.000,,0.000,0,1,
2020-10-16,09:13,0,360,3,2.000,,0.000,0,1,
2020-10-16,09:14,0,904,2,1.000,,0.000,0,1,
2020-10-16,09:14,0,64,3,11.000,,0.000,0,1,
2020-10-16,09:15,0,1507,3,7.000,,0.000,0,1,
2020-10-16,12:54,0,1656,3,3.000,,0.000,0,1,
2020-10-17,14:38,0,1320,3,1.000,,0.000,0,1,
2020-10-19,13:54,0,333,3,285.000,,0.000,0,1,
2020-10-19,13:54,0,1241,3,186.000,,0.000,0,1,
2020-10-19,16:08,0,1573,2,19.000,,0.000,0,1,
2020-10-19,16:08,0,1574,3,24.000,,0.000,0,1,
2020-10-22,11:41,0,1168,3,4.000,,0.000,0,1,
2020-10-22,11:41,0,566,2,2.000,,0.000,0,1,
2020-10-22,15:51,0,852,3,3.000,,0.000,0,1,
2020-10-22,15:51,0,854,3,3.000,,0.000,0,1,
2020-10-22,15:52,0,851,2,4.000,,0.000,0,1,
2020-10-23,10:26,0,93,2,1.000,,0.000,0,1,
2020-10-23,10:26,0,94,3,1.000,,0.000,0,1,
2020-10-24,11:59,0,806,3,1.000,,0.000,0,1,
2020-10-24,11:59,0,897,2,5.000,,0.000,0,1,
2020-10-24,12:00,0,1446,2,3.000,,0.000,0,1,
2020-10-27,09:39,0,1858,2,2.000,,0.000,0,1,
2020-10-27,09:40,0,1860,3,2.000,,0.000,0,1,
2020-10-27,09:40,0,1861,2,1.000,,0.000,0,1,
2020-10-27,09:41,0,1859,3,1.000,,0.000,0,1,
2020-10-28,11:25,0,1750,2,186.000,,0.000,0,1,
2020-10-28,11:43,0,1301,2,1.000,,0.000,0,1,
2020-10-28,15:37,0,127,2,1.000,,0.000,0,1,
2020-10-28,15:37,0,128,3,1.000,,0.000,0,1,
2020-10-29,11:21,0,45,2,10.000,,0.000,0,1,
2020-10-29,11:22,0,1511,3,21.000,,0.000,0,1,
2020-10-29,11:23,0,768,3,6.000,,0.000,0,1,
2020-10-29,11:23,0,763,3,29.000,,0.000,0,1,
2020-10-29,11:23,0,418,2,1.000,,0.000,0,1,
2020-10-29,11:25,0,1534,3,25.000,,0.000,0,1,
2020-11-09,09:45,0,1377,2,2.000,,0.000,0,1,
2020-11-09,09:46,0,1861,2,1.000,,0.000,0,1,
2020-11-09,09:46,0,1860,3,2.000,,0.000,0,1,
2020-11-09,09:48,0,2030,2,58.000,,0.000,0,1,
2020-11-09,09:48,0,1106,2,2.000,,0.000,0,1,
2020-11-09,14:54,0,1242,3,1506.000,,0.000,0,1,
2020-11-09,14:55,0,1244,3,80.000,,0.000,0,1,
2020-11-09,15:45,0,767,2,7.000,,0.000,0,1,
2020-11-09,15:45,0,769,3,1.000,,0.000,0,1,
2020-11-09,15:46,0,856,3,1.000,,0.000,0,1,
2020-11-17,08:50,0,323,3,1.000,,0.000,0,1,
2020-11-17,09:22,0,1729,3,1.000,,0.000,0,1,
2020-11-17,10:55,0,1556,2,1.000,,0.000,0,1,
2020-11-17,10:56,0,1334,3,5.000,,0.000,0,1,
2020-11-17,10:56,0,323,3,1.000,,0.000,0,1,
2020-11-17,10:57,0,1445,3,6.000,,0.000,0,1,
2020-11-17,10:57,0,1454,3,6.000,,0.000,0,1,
2020-11-17,10:59,0,1455,3,3.000,,0.000,0,1,
2020-11-17,11:00,0,1456,2,1.000,,0.000,0,1,
2020-11-17,11:00,0,1445,3,6.000,,0.000,0,1,
2020-11-17,11:01,0,1673,2,2.000,,0.000,0,1,
2020-11-17,11:03,0,1773,3,10.000,,0.000,0,1,
2020-11-17,11:03,0,1772,3,1.000,,0.000,0,1,
2020-11-17,11:03,0,1507,3,7.000,,0.000,0,1,
2020-11-17,14:37,0,560,2,1.000,,0.000,0,1,
2020-11-17,14:37,0,563,3,1.000,,0.000,0,1,
2020-11-17,14:38,0,570,3,2.000,,0.000,0,1,
2020-11-17,14:40,0,559,2,1.000,,0.000,0,1,
2020-11-17,14:41,0,1719,3,3.000,,0.000,0,1,
2020-11-18,09:14,0,1668,2,1.000,,0.000,0,1,
2020-11-19,10:20,0,1302,3,4.000,,0.000,0,1,
2020-11-20,15:28,0,431,3,1.000,,0.000,0,1,
2020-11-21,11:21,0,20,5,1.000,,4.000,0,1,
2020-11-23,09:39,0,578,3,8.000,,0.000,0,1,
2020-11-23,09:41,0,1452,3,3.000,,0.000,0,1,
2020-11-23,09:41,0,1452,3,3.000,,0.000,0,1,
2020-11-23,09:41,0,1451,3,2.000,,0.000,0,1,
2020-11-23,09:41,0,1453,2,3.000,,0.000,0,1,
2020-11-23,09:43,0,288,2,1.000,,0.000,0,1,
2020-11-23,09:44,0,1335,3,2.000,,0.000,0,1,
2020-11-23,14:26,0,642,2,2.000,,0.000,0,1,
2020-11-23,14:26,0,641,2,3.000,,0.000,0,1,
2020-11-23,14:29,0,1174,2,3.000,,0.000,0,1,
2020-12-02,13:07,0,52,2,2.000,,0.000,0,1,
2020-12-02,13:07,0,785,3,1.000,,0.000,0,1,
2020-12-02,13:12,0,1860,3,2.000,,0.000,0,1,
2020-12-02,13:12,0,1861,2,1.000,,0.000,0,1,
2020-12-02,13:13,0,1859,3,1.000,,0.000,0,1,
2020-12-02,13:13,0,1465,3,3.000,,0.000,0,1,
2020-12-02,13:13,0,1288,3,2.000,,0.000,0,1,
2020-12-02,13:23,0,769,3,1.000,,0.000,0,1,
2020-12-02,13:23,0,767,2,7.000,,0.000,0,1,
2020-12-03,14:42,0,866,3,1.000,,0.000,0,1,
2020-12-03,16:57,0,964,2,1.000,,0.000,0,1,
2020-12-04,10:29,0,528,3,2.000,,0.000,0,1,
2020-12-05,10:21,0,649,3,2.000,,0.000,0,1,
2020-12-05,10:22,0,1131,2,1.000,,0.000,0,1,
2020-12-09,08:19,0,877,2,60.000,,0.000,0,1,
2020-12-09,08:19,0,878,3,4.000,,0.000,0,1,
2020-12-09,08:19,0,879,3,46.000,,0.000,0,1,
2020-12-09,08:20,0,880,3,10.000,,0.000,0,1,
2020-12-09,08:20,0,881,2,1.000,,0.000,0,1,
2020-12-10,16:28,0,1302,3,4.000,,0.000,0,1,
2020-12-10,16:29,0,1395,2,7.000,,0.000,0,1,
2020-12-14,08:59,0,1245,2,1.000,,0.000,0,1,
2020-12-14,09:00,0,421,2,20.000,,0.000,0,1,
2020-12-14,09:00,0,151,2,2.000,,0.000,0,1,
2020-12-14,09:01,0,1249,3,1.000,,0.000,0,1,
2020-12-14,09:01,0,1249,3,1.000,,0.000,0,1,
2020-12-14,09:01,0,1287,2,2.000,,0.000,0,1,
2020-12-14,09:02,0,1615,3,2.000,,0.000,0,1,
2020-12-15,08:21,0,895,2,1.000,,0.000,0,1,
2020-12-15,08:23,0,1030,3,1.000,,0.000,0,1,
2020-12-15,08:24,0,714,3,29.000,,0.000,0,1,
2020-12-15,08:25,0,207,2,3.000,,0.000,0,1,
2020-12-15,08:25,0,1512,3,2.000,,0.000,0,1,
2020-12-15,12:11,0,852,3,3.000,,0.000,0,1,
2020-12-15,12:12,0,854,3,3.000,,0.000,0,1,
2020-12-15,12:12,0,851,2,4.000,,0.000,0,1,
2020-12-16,09:16,0,1302,3,4.000,,0.000,0,1,
2020-12-16,10:43,0,871,3,2.000,,0.000,0,1,
2020-12-16,10:43,0,1678,3,60.000,,0.000,0,1,
2020-12-16,10:43,0,1679,3,4.000,,0.000,0,1,
2020-12-16,10:44,0,1680,3,5.000,,0.000,0,1,
2020-12-23,14:25,0,497,2,5.000,,0.000,0,1,
2020-12-23,14:26,0,1222,3,2.000,,0.000,0,1,
2020-12-23,14:27,0,1192,2,1.000,,0.000,0,1,
2020-12-23,14:27,0,800,3,3.500,,0.000,0,1,
2020-12-23,14:29,0,1562,2,1.000,,0.000,0,1,
2020-12-23,14:29,0,1513,3,2.000,,0.000,0,1,
2020-12-23,14:29,0,1447,3,6.000,,0.000,0,1,
2020-12-23,14:30,0,1446,2,3.000,,0.000,0,1,
2020-12-23,14:30,0,1445,3,6.000,,0.000,0,1,
2020-12-23,14:31,0,1444,3,11.000,,0.000,0,1,
2020-12-23,14:31,0,526,2,8.000,,0.000,0,1,
2020-12-23,14:32,0,419,3,1.000,,0.000,0,1,
2020-12-23,14:32,0,520,3,1.000,,0.000,0,1,
2020-12-23,15:19,0,714,3,29.000,,0.000,0,1,
2020-12-26,12:13,0,2021,2,2.000,,0.000,0,1,
2021-01-04,08:31,0,20,3,2518.000,,0.000,0,1,
2021-01-04,11:09,0,912,2,4.000,,0.000,0,1,
2021-01-08,11:44,0,876,3,229.000,,0.000,0,1,
2021-01-08,11:45,0,20,3,2518.000,,0.000,0,1,
2021-01-11,10:26,0,2120,2,4.000,,0.000,0,1,
2021-01-11,10:27,0,1736,3,4.000,,0.000,0,1,
2021-01-11,10:31,0,1735,3,1.000,,0.000,0,1,
2021-01-11,13:29,0,970,3,6.000,,0.000,0,1,
2021-01-12,10:37,0,520,3,1.000,,0.000,0,1,
2021-01-12,10:37,0,522,2,7.000,,0.000,0,1,
2021-01-12,10:38,0,523,3,7.000,,0.000,0,1,
2021-01-12,10:38,0,1351,3,2.000,,0.000,0,1,
2021-01-12,10:39,0,1346,3,3.000,,0.000,0,1,
2021-01-12,10:40,0,1209,3,17.000,,0.000,0,1,
2021-01-12,10:40,0,814,3,2.000,,0.000,0,1,
2021-01-12,10:42,0,767,2,7.000,,0.000,0,1,
2021-01-12,10:42,0,768,3,6.000,,0.000,0,1,
2021-01-12,10:42,0,769,3,1.000,,0.000,0,1,
2021-01-12,10:43,0,2179,2,11.000,,0.000,0,1,
2021-01-12,10:44,0,1286,3,1.000,,0.000,0,1,
2021-01-12,10:45,0,524,3,5.000,,0.000,0,1,
2021-01-12,10:46,0,1520,3,1.000,,0.000,0,1,
2021-01-12,10:46,0,643,3,1.000,,0.000,0,1,
2021-01-12,10:47,0,1732,3,2.000,,0.000,0,1,
2021-01-12,10:48,0,1438,2,1.000,,0.000,0,1,
2021-01-12,10:48,0,1439,3,1.000,,0.000,0,1,
2021-01-12,10:48,0,1440,2,1.000,,0.000,0,1,
2021-01-12,10:48,0,1441,3,1.000,,0.000,0,1,
2021-01-12,10:48,0,1442,2,20.000,,0.000,0,1,
2021-01-12,10:49,0,1431,3,20.500,,0.000,0,1,
2021-01-12,10:49,0,1436,2,10.500,,0.000,0,1,
2021-01-12,10:50,0,1430,2,8.000,,0.000,0,1,
2021-01-12,10:50,0,1435,2,1.000,,0.000,0,1,
2021-01-12,10:50,0,1429,3,28.000,,0.000,0,1,
2021-01-12,10:51,0,1858,2,2.000,,0.000,0,1,
2021-01-12,10:52,0,763,3,29.000,,0.000,0,1,
2021-01-12,10:53,0,1,3,5.000,,0.000,0,1,
2021-01-12,10:53,0,3,2,3.000,,0.000,0,1,
2021-01-12,10:53,0,2,2,1.000,,0.000,0,1,
2021-01-12,10:53,0,1860,3,2.000,,0.000,0,1,
2021-01-12,10:53,0,1859,3,1.000,,0.000,0,1,
2021-01-12,18:08,0,1302,3,4.000,,0.000,0,1,
2021-01-13,15:32,0,1607,3,1.000,,0.000,0,1,
2021-01-13,15:32,0,1851,3,1.000,,0.000,0,1,
2021-01-13,15:50,0,298,2,2.000,,0.000,0,1,
2021-01-13,15:50,0,299,3,2.000,,0.000,0,1,
2021-01-14,08:56,0,1707,2,6.000,,0.000,0,1,
2021-01-14,08:56,0,1709,3,5.000,,0.000,0,1,
2021-01-14,08:57,0,1708,3,1.000,,0.000,0,1,
2021-01-15,08:58,0,537,2,50.000,,0.000,0,1,
2021-01-15,16:48,0,322,2,12.000,,0.000,0,1,
2021-01-18,12:55,0,2187,2,341.000,,0.000,0,1,
2021-01-19,10:17,0,1603,2,1.000,,0.000,0,1,
2021-01-19,14:25,0,1718,2,4.000,,0.000,0,1,
2021-01-19,14:25,0,815,2,11.000,,0.000,0,1,
2021-01-19,14:25,0,2054,2,1.000,,0.000,0,1,
2021-01-19,14:25,0,1037,3,1.000,,0.000,0,1,
2021-01-19,14:26,0,596,3,7.000,,0.000,0,1,
2021-01-19,14:26,0,1603,2,1.000,,0.000,0,1,
2021-01-19,14:27,0,1534,3,25.000,,0.000,0,1,
2021-01-19,14:28,0,385,2,3.000,,0.000,0,1,
2021-01-19,14:30,0,1155,2,18.000,,0.000,0,1,
2021-01-19,14:30,0,1156,3,18.000,,0.000,0,1,
2021-01-19,14:30,0,1142,3,1.000,,0.000,0,1,
2021-01-19,14:30,0,1143,3,51.500,,0.000,0,1,
2021-01-19,14:31,0,1144,2,2.000,,0.000,0,1,
2021-01-19,14:31,0,1145,3,6.000,,0.000,0,1,
2021-01-19,14:31,0,1146,2,5.000,,0.000,0,1,
2021-01-19,14:31,0,1822,2,5.000,,0.000,0,1,
2021-01-19,14:33,0,1825,3,5.000,,0.000,0,1,
2021-01-19,14:33,0,1828,2,1.000,,0.000,0,1,
2021-01-19,14:34,0,644,2,1.000,,0.000,0,1,
2021-01-19,14:34,0,646,3,10.000,,0.000,0,1,
2021-01-19,14:34,0,648,3,1.000,,0.000,0,1,
2021-01-19,14:35,0,647,2,10.000,,0.000,0,1,
2021-01-20,12:16,0,653,3,4.000,,0.000,0,1,
2021-01-22,10:45,0,714,3,29.000,,0.000,0,1,
2021-01-23,10:33,0,1024,3,256.000,,0.000,0,1,
2021-01-26,09:54,0,1575,3,1.000,,0.000,0,1,
2021-01-27,18:02,0,1997,2,1.000,,0.000,0,1,
2021-01-29,09:02,0,852,3,3.000,,0.000,0,1,
2021-01-29,09:03,0,854,3,3.000,,0.000,0,1,
2021-01-29,09:43,0,1110,3,8.000,,0.000,0,1,
2021-01-29,09:43,0,1111,3,30.000,,0.000,0,1,
2021-01-29,09:43,0,161,3,1.000,,0.000,0,1,
2021-01-29,09:44,0,1898,3,8.000,,0.000,0,1,
2021-01-29,09:44,0,943,3,1.000,,0.000,0,1,
2021-01-29,09:45,0,1897,2,8.000,,0.000,0,1,
2021-01-29,09:45,0,1352,3,1.000,,0.000,0,1,
2021-01-29,15:06,0,94,3,1.000,,0.000,0,1,
2021-01-29,15:06,0,1388,3,1.000,,0.000,0,1,
2021-02-02,12:15,0,1414,3,1.000,,0.000,0,1,
2021-02-02,12:16,0,1120,2,95.000,,0.000,0,1,
2021-02-02,12:17,0,1378,2,4.000,,0.000,0,1,
2021-02-02,12:18,0,2042,2,1.000,,0.000,0,1,
2021-02-05,08:36,0,1148,3,2.000,,0.000,0,1,
2021-02-05,14:48,0,1143,3,51.500,,0.000,0,1,
2021-02-06,10:43,0,607,3,2.000,,0.000,0,1,
2021-02-06,10:43,0,608,3,7.000,,0.000,0,1,
2021-02-08,08:18,0,714,3,29.000,,0.000,0,1,
2021-02-09,12:42,0,866,3,1.000,,0.000,0,1,
2021-02-10,13:36,0,363,2,2.000,,0.000,0,1,
2021-02-10,13:36,0,360,3,2.000,,0.000,0,1,
2021-02-10,13:37,0,814,3,2.000,,0.000,0,1,
2021-02-10,13:37,0,1225,2,4.000,,0.000,0,1,
2021-02-10,13:37,0,906,3,5.000,,0.000,0,1,
2021-02-10,13:38,0,907,2,5.000,,0.000,0,1,
2021-02-10,13:38,0,1108,3,14.000,,0.000,0,1,
2021-02-10,13:38,0,903,2,6.000,,0.000,0,1,
2021-02-10,13:39,0,714,3,29.000,,0.000,0,1,
2021-02-10,13:39,0,1429,3,28.000,,0.000,0,1,
2021-02-10,13:40,0,1435,2,1.000,,0.000,0,1,
2021-02-10,13:40,0,1430,2,8.000,,0.000,0,1,
2021-02-10,13:40,0,1436,2,10.500,,0.000,0,1,
2021-02-10,13:40,0,1431,3,20.500,,0.000,0,1,
2021-02-10,13:41,0,1438,2,1.000,,0.000,0,1,
2021-02-10,13:41,0,1439,3,1.000,,0.000,0,1,
2021-02-10,13:42,0,1440,2,1.000,,0.000,0,1,
2021-02-10,13:42,0,1441,3,1.000,,0.000,0,1,
2021-02-10,13:42,0,1442,2,20.000,,0.000,0,1,
2021-02-10,16:40,0,1024,3,256.000,,0.000,0,1,
2021-02-10,17:43,0,1228,3,12.000,,0.000,0,1,
2021-02-10,17:44,0,1227,2,12.000,,0.000,0,1,
2021-02-11,16:19,0,1302,3,4.000,,0.000,0,1,
2021-02-13,13:37,0,1196,3,3.000,,0.000,0,1,
2021-02-16,18:07,0,1576,2,14.000,,0.000,0,1,
2021-02-16,18:08,0,1111,3,30.000,,0.000,0,1,
2021-02-18,09:45,0,1233,1,0.000,,0.000,0,1,
2021-02-19,09:55,0,1302,3,4.000,,0.000,0,1,
2021-02-19,10:05,0,2035,2,14.000,,0.000,0,1,
2021-02-19,14:35,0,716,3,10.000,,0.000,0,1,
2021-02-19,14:35,0,719,2,3.000,,0.000,0,1,
2021-02-19,14:35,0,720,3,3.000,,0.000,0,1,
2021-02-19,14:37,0,1470,3,1.000,,0.000,0,1,
2021-02-19,14:38,0,537,2,50.000,,0.000,0,1,
2021-02-19,14:39,0,705,2,3.000,,0.000,0,1,
2021-02-19,14:39,0,1591,3,1.000,,0.000,0,1,
2021-02-19,14:39,0,1597,3,7.000,,0.000,0,1,
2021-02-19,14:40,0,1599,2,1.000,,0.000,0,1,
2021-02-19,14:40,0,1600,3,1.000,,0.000,0,1,
2021-02-19,15:07,0,712,2,2.000,,0.000,0,1,
2021-02-19,15:07,0,713,3,1.000,,0.000,0,1,
2021-02-19,15:07,0,1586,3,1.000,,0.000,0,1,
2021-02-19,15:22,0,1542,2,1.000,,0.000,0,1,
2021-02-19,15:23,0,1540,3,9.000,,0.000,0,1,
2021-02-19,15:23,0,1664,2,7.000,,0.000,0,1,
2021-02-19,15:24,0,1541,3,3.000,,0.000,0,1,
2021-02-25,08:23,0,60,3,2.000,,0.000,0,1,
2021-03-05,12:10,0,1146,2,5.000,,0.000,0,1,
2021-03-05,16:00,0,1859,3,1.000,,0.000,0,1,
2021-03-05,16:00,0,1860,3,2.000,,0.000,0,1,
2021-03-05,16:00,0,1861,2,1.000,,0.000,0,1,
2021-03-05,16:01,0,1750,2,186.000,,0.000,0,1,
2021-03-05,16:01,0,12,3,31.000,,0.000,0,1,
2021-03-11,09:55,0,642,2,2.000,,0.000,0,1,
2021-03-11,09:55,0,1507,3,7.000,,0.000,0,1,
2021-03-11,09:57,0,1006,3,6.000,,0.000,0,1,
2021-03-16,10:51,0,20,3,2518.000,,0.000,0,1,
2021-03-16,10:52,0,876,3,229.000,,0.000,0,1,
2021-04-09,13:33,0,537,2,50.000,,0.000,0,1,
2021-04-13,12:25,0,1285,2,1.000,,0.000,0,1,
2021-04-13,12:25,0,96,3,1.000,,0.000,0,1,
2021-04-13,12:26,0,1149,2,1.000,,0.000,0,1,
2021-04-13,12:26,0,1377,2,2.000,,0.000,0,1,
2021-04-13,12:27,0,1619,2,1.000,,0.000,0,1,
2021-04-13,12:27,0,1750,2,186.000,,0.000,0,1,
2021-04-13,12:27,0,93,2,1.000,,0.000,0,1,
2021-04-13,12:27,0,94,3,1.000,,0.000,0,1,
2021-04-13,12:29,0,841,3,1.000,,0.000,0,1,
2021-04-24,08:45,0,938,2,1.000,,0.000,0,1,
2021-04-24,08:48,0,522,2,7.000,,0.000,0,1,
2021-04-24,08:49,0,1395,2,7.000,,0.000,0,1,
2021-04-24,08:49,0,1396,3,8.000,,0.000,0,1,
2021-04-24,08:49,0,324,3,2.000,,0.000,0,1,
2021-04-24,08:51,0,1106,2,2.000,,0.000,0,1,
2021-04-24,08:51,0,323,3,1.000,,0.000,0,1,
2021-04-24,08:52,0,1520,3,1.000,,0.000,0,1,
2021-04-24,08:54,0,989,2,100.000,,0.000,0,1,
2021-04-24,08:56,0,988,3,100.000,,0.000,0,1,
2021-04-24,08:57,0,54,2,28.000,,0.000,0,1,
2021-04-24,08:59,0,1196,3,3.000,,0.000,0,1,
2021-04-24,09:02,0,1666,3,1.000,,0.000,0,1,
2021-04-24,09:03,0,1668,2,1.000,,0.000,0,1,
2021-04-24,09:03,0,1410,2,1.000,,0.000,0,1,
2021-04-30,06:57,0,1763,2,1.000,,0.000,0,1,
2021-04-30,06:57,0,1236,3,10.000,,0.000,0,1,
2021-05-05,07:59,0,559,2,1.000,,0.000,0,1,
2021-05-05,09:46,0,1438,2,1.000,,0.000,0,1,
2021-05-05,09:46,0,1439,3,1.000,,0.000,0,1,
2021-05-05,09:46,0,1440,2,1.000,,0.000,0,1,
2021-05-05,09:47,0,92,2,1.000,,0.000,0,1,
2021-05-05,09:48,0,769,3,1.000,,0.000,0,1,
2021-05-05,09:48,0,768,3,6.000,,0.000,0,1,
2021-05-05,09:49,0,1595,2,6.000,,0.000,0,1,
2021-05-05,09:50,0,2144,2,2.000,,0.000,0,1,
2021-05-05,09:50,0,1240,2,8.000,,0.000,0,1,
2021-05-07,07:48,0,1085,3,3.000,,0.000,0,1,
2021-05-07,07:48,0,1763,2,1.000,,0.000,0,1,
2021-05-07,07:49,0,1576,2,14.000,,0.000,0,1,
2021-05-07,07:49,0,1990,3,1.000,,0.000,0,1,
2021-05-10,10:16,0,1336,3,4.000,,0.000,0,1,
2021-05-10,10:17,0,1339,2,3.000,,0.000,0,1,
2021-05-18,07:11,0,1236,3,10.000,,0.000,0,1,
2021-05-21,06:36,0,1148,3,2.000,,0.000,0,1,
2021-05-21,06:37,0,1541,3,3.000,,0.000,0,1,
2021-05-21,06:37,0,815,2,11.000,,0.000,0,1,
2021-05-21,06:38,0,288,2,1.000,,0.000,0,1,
2021-05-21,06:38,0,903,2,6.000,,0.000,0,1,
2021-05-21,06:39,0,93,2,1.000,,0.000,0,1,
2021-05-21,06:39,0,94,3,1.000,,0.000,0,1,
2021-05-21,06:44,0,514,3,6.000,,0.000,0,1,
2021-05-21,06:45,0,513,2,5.000,,0.000,0,1,
2021-05-21,06:45,0,1675,2,70.000,,0.000,0,1,
2021-05-21,06:46,0,792,2,1.000,,0.000,0,1,
2021-05-21,06:47,0,1772,3,1.000,,0.000,0,1,
2021-05-21,06:47,0,1773,3,10.000,,0.000,0,1,
2021-05-21,06:47,0,159,2,1.000,,0.000,0,1,
2021-05-21,06:48,0,515,3,1.000,,0.000,0,1,
2021-05-25,07:52,0,20,3,2518.000,,0.000,0,1,
2021-05-25,07:53,0,876,3,229.000,,0.000,0,1,
2021-05-27,10:16,0,124,2,2.000,,0.000,0,1,
2021-06-01,09:00,0,1228,3,12.000,,0.000,0,1,
2021-06-01,12:58,0,1024,3,256.000,,0.000,0,1,
2021-06-01,12:58,0,1242,3,1506.000,,0.000,0,1,
2021-06-01,12:58,0,1244,3,80.000,,0.000,0,1,
2021-06-01,13:00,0,866,3,1.000,,0.000,0,1,
2021-06-02,09:13,0,537,2,50.000,,0.000,0,1,
2021-06-02,09:15,0,897,2,5.000,,0.000,0,1,
2021-06-02,09:16,0,168,3,6.000,,0.000,0,1,
2021-06-02,09:19,0,1749,3,2.000,,0.000,0,1,
2021-06-02,09:20,0,970,3,6.000,,0.000,0,1,
2021-06-02,09:40,0,1387,3,3.000,,0.000,0,1,
2021-06-02,09:41,0,1386,2,3.000,,0.000,0,1,
2021-06-02,09:41,0,1180,2,2.000,,0.000,0,1,
2021-06-02,09:41,0,1179,2,10.000,,0.000,0,1,
2021-06-02,11:53,0,1784,3,3.000,,0.000,0,1,
2021-06-02,11:54,0,1235,2,10.000,,0.000,0,1,
2021-06-04,12:13,0,1582,2,31.000,,0.000,0,1,
2021-06-05,07:41,0,1552,2,4.000,,0.000,0,1,
2021-06-05,07:41,0,1553,3,5.000,,0.000,0,1,
2021-06-05,07:41,0,685,3,1.000,,0.000,0,1,
2021-06-05,07:42,0,1571,2,249.000,,0.000,0,1,
2021-06-05,07:42,0,2127,2,7.000,,0.000,0,1,
2021-06-07,11:01,0,34,3,1.000,,0.000,0,1,
2021-06-07,11:01,0,77,3,1.000,,0.000,0,1,
2021-06-07,12:29,0,12,3,31.000,,0.000,0,1,
2021-06-09,10:35,0,1093,2,40.000,,0.000,0,1,
2021-06-10,09:34,0,1196,3,3.000,,0.000,0,1,
2021-06-10,10:19,0,1666,3,1.000,,0.000,0,1,
2021-06-10,10:56,0,849,2,3.000,,0.000,0,1,
2021-06-10,10:56,0,908,2,1.000,,0.000,0,1,
2021-06-15,12:02,0,1501,2,2.000,,0.000,0,1,
2021-06-15,12:09,0,29,2,5.000,,0.000,0,1,
2021-06-15,12:10,0,363,2,2.000,,0.000,0,1,
2021-06-15,12:11,0,565,3,1.000,,0.000,0,1,
2021-06-15,12:11,0,767,2,7.000,,0.000,0,1,
2021-06-15,12:12,0,1767,2,29.000,,0.000,0,1,
2021-06-15,12:16,0,1617,3,1.000,,0.000,0,1,
2021-06-15,12:16,0,713,3,1.000,,0.000,0,1,
2021-06-15,12:17,0,724,2,10.000,,0.000,0,1,
2021-06-15,12:18,0,856,3,1.000,,0.000,0,1,
2021-06-15,12:18,0,1580,3,2.000,,0.000,0,1,
2021-06-15,12:18,0,813,3,9.000,,0.000,0,1,
2021-06-15,16:01,0,1456,2,1.000,,0.000,0,1,
2021-06-15,16:02,0,1455,3,3.000,,0.000,0,1,
2021-06-16,07:30,0,712,2,2.000,,0.000,0,1,
2021-06-16,07:30,0,1586,3,1.000,,0.000,0,1,
2021-06-16,07:31,0,716,3,10.000,,0.000,0,1,
2021-06-16,07:32,0,719,2,3.000,,0.000,0,1,
2021-06-16,07:32,0,720,3,3.000,,0.000,0,1,
2021-06-18,07:44,0,1391,2,61.500,,0.000,0,1,
2021-06-18,10:26,0,1575,3,1.000,,0.000,0,1,
2021-06-18,10:30,0,1410,2,1.000,,0.000,0,1,
2021-06-18,10:34,0,1574,3,24.000,,0.000,0,1,
2021-06-18,10:36,0,1196,3,3.000,,0.000,0,1,
2021-06-18,12:14,0,1454,3,6.000,,0.000,0,1,
2021-06-22,09:48,0,1520,3,1.000,,0.000,0,1,
2021-06-22,09:49,0,800,3,3.500,,0.000,0,1,
2021-06-22,09:49,0,593,3,2.000,,0.000,0,1,
2021-06-22,09:49,0,970,3,6.000,,0.000,0,1,
2021-06-22,09:49,0,969,2,4.000,,0.000,0,1,
2021-06-22,09:50,0,514,3,6.000,,0.000,0,1,
2021-06-22,09:51,0,874,3,1.000,,0.000,0,1,
2021-06-22,13:25,0,1195,2,3.000,,0.000,0,1,
2021-06-23,07:29,0,1497,2,21.000,,0.000,0,1,
2021-06-23,08:23,0,1120,2,95.000,,0.000,0,1,
2021-06-23,08:24,0,1194,3,1.000,,0.000,0,1,
2021-06-23,08:24,0,1195,2,3.000,,0.000,0,1,
2021-06-25,08:22,0,55,2,2.000,,0.000,0,1,
2021-06-25,08:23,0,98,2,1.000,,0.000,0,1,
2021-06-25,08:23,0,96,3,1.000,,0.000,0,1,
2021-06-25,08:23,0,97,2,2518.000,,0.000,0,1,
2021-06-25,08:24,0,209,3,1.000,,0.000,0,1,
2021-06-25,09:06,0,12,3,31.000,,0.000,0,1,
2021-06-25,09:10,0,1497,2,21.000,,0.000,0,1,
2021-06-25,13:43,0,1497,2,21.000,,0.000,0,1,
2021-06-28,10:23,0,1883,3,30.000,,0.000,0,1,
2021-06-29,08:15,0,197,3,86.000,,0.000,0,1,
2021-06-29,12:13,0,1763,2,1.000,,0.000,0,1,
2021-06-29,13:51,0,396,3,3.000,,0.000,0,1,
2021-06-29,13:53,0,1009,3,1.000,,0.000,0,1,
2021-06-29,15:31,0,1106,2,2.000,,0.000,0,1,
2021-06-30,08:26,0,73,3,22.000,,0.000,0,1,
2021-07-01,14:21,0,528,3,2.000,,0.000,0,1,
2021-07-01,14:21,0,1886,2,1.000,,0.000,0,1,
2021-07-05,09:31,0,523,3,7.000,,0.000,0,1,
2021-07-07,10:17,0,981,3,71.000,,0.000,0,1,
2021-07-07,14:13,0,866,3,1.000,,0.000,0,1,
2021-07-08,06:56,0,1763,2,1.000,,0.000,0,1,
2021-07-08,06:56,0,967,2,30.000,,0.000,0,1,
2021-07-08,06:56,0,1236,3,10.000,,0.000,0,1,
2021-07-08,06:57,0,1111,3,30.000,,0.000,0,1,
2021-07-08,12:55,0,1106,2,2.000,,0.000,0,1,
2021-07-08,12:56,0,514,3,6.000,,0.000,0,1,
2021-07-08,12:57,0,1562,2,1.000,,0.000,0,1,
2021-07-08,12:57,0,2042,2,1.000,,0.000,0,1,
2021-07-08,12:57,0,57,3,28.000,,0.000,0,1,
2021-07-08,12:58,0,260,2,1.000,,0.000,0,1,
2021-07-08,12:58,0,1143,3,51.500,,0.000,0,1,
2021-07-08,12:58,0,1225,2,4.000,,0.000,0,1,
2021-07-08,12:59,0,1140,2,1.000,,0.000,0,1,
2021-07-08,13:01,0,1146,2,5.000,,0.000,0,1,
2021-07-08,13:01,0,1533,2,25.000,,0.000,0,1,
2021-07-08,13:01,0,1534,3,25.000,,0.000,0,1,
2021-07-08,13:02,0,522,2,7.000,,0.000,0,1,
2021-07-08,13:29,0,545,3,50.000,,0.000,0,1,
2021-07-14,07:52,0,1182,2,4.500,,0.000,0,1,
2021-07-21,08:08,0,333,3,285.000,,0.000,0,1,
2021-07-21,10:02,0,63,2,11.000,,0.000,0,1,
2021-07-21,10:02,0,514,2,44.000,,0.000,0,1,
2021-07-21,10:02,0,1507,3,7.000,,0.000,0,1,
2021-07-21,10:03,0,426,2,1.000,,0.000,0,1,
2021-07-21,10:05,0,798,2,51.000,,0.000,0,1,
2021-07-21,14:10,0,326,3,77.000,,0.000,0,1,
2021-07-21,16:06,0,765,3,168.000,,0.000,0,1,
2021-07-22,11:54,0,71,3,58.000,,0.000,0,1,
2021-07-23,10:43,0,1556,2,1.000,,0.000,0,1,
2021-07-26,08:29,0,1391,2,61.500,,0.000,0,1,
2021-07-26,14:20,0,1976,2,9.000,,0.000,0,1,
2021-07-29,08:52,0,124,2,2.000,,0.000,0,1,
2021-07-29,14:27,0,70,2,15.000,,0.000,0,1,
2021-07-29,14:56,0,133,2,1.000,,0.000,0,1,
2021-08-03,10:25,0,333,3,285.000,,0.000,0,1,
2021-08-03,14:54,0,1714,2,7.000,,0.000,0,1,
2021-08-03,14:56,0,1150,3,1.000,,0.000,0,1,
2021-08-03,14:57,0,1588,3,1.000,,0.000,0,1,
2021-08-03,14:57,0,1587,2,1.000,,0.000,0,1,
2021-08-03,15:01,0,1851,3,1.000,,0.000,0,1,
2021-08-03,15:02,0,31,3,3.000,,0.000,0,1,
2021-08-03,15:04,0,1178,3,3.000,,0.000,0,1,
2021-08-03,15:04,0,1147,2,54.500,,0.000,0,1,
2021-08-04,06:29,0,1709,3,5.000,,0.000,0,1,
2021-08-04,06:33,0,1320,3,1.000,,0.000,0,1,
2021-08-04,06:34,0,1707,2,6.000,,0.000,0,1,
2021-08-04,06:36,0,298,2,2.000,,0.000,0,1,
2021-08-04,06:38,0,1858,2,2.000,,0.000,0,1,
2021-08-05,11:58,0,1112,3,1.000,,0.000,0,1,
2021-08-05,11:59,0,1113,3,1.000,,0.000,0,1,
2021-08-05,12:00,0,1114,2,29.000,,0.000,0,1,
2021-08-05,16:55,0,2161,2,71.000,,0.000,0,1,
2021-08-09,17:07,0,575,2,102.000,,0.000,0,1,
2021-08-09,17:07,0,577,3,2.000,,0.000,0,1,
2021-08-09,17:08,0,576,3,92.000,,0.000,0,1,
2021-08-10,07:47,0,1541,3,3.000,,0.000,0,1,
2021-08-10,07:47,0,1507,3,7.000,,0.000,0,1,
2021-08-10,07:48,0,86,3,6.000,,0.000,0,1,
2021-08-10,07:48,0,360,3,2.000,,0.000,0,1,
2021-08-10,16:32,0,680,3,94.000,,0.000,0,1,
2021-08-11,14:40,0,1666,3,1.000,,0.000,0,1,
2021-08-11,14:54,0,1668,2,1.000,,0.000,0,1,
2021-08-11,16:04,0,266,2,28.000,,0.000,0,1,
2021-08-11,16:04,0,267,3,28.000,,0.000,0,1,
2021-08-12,09:45,0,151,2,2.000,,0.000,0,1,
2021-08-14,08:08,0,871,3,2.000,,0.000,0,1,
2021-08-16,17:13,0,1463,2,19.000,,0.000,0,1,
2021-08-17,13:47,0,559,2,1.000,,0.000,0,1,
2021-08-17,13:48,0,560,2,1.000,,0.000,0,1,
2021-08-17,13:48,0,653,3,4.000,,0.000,0,1,
2021-08-17,13:51,0,34,3,1.000,,0.000,0,1,
2021-08-17,14:29,0,909,3,1.000,,0.000,0,1,
2021-08-18,09:53,0,200,3,2.000,,0.000,0,1,
2021-08-18,09:53,0,225,2,2.000,,0.000,0,1,
2021-08-18,09:59,0,1023,2,2.000,,0.000,0,1,
2021-08-18,10:00,0,805,2,1.000,,0.000,0,1,
2021-08-18,10:00,0,803,2,12.000,,0.000,0,1,
2021-08-18,10:00,0,1285,2,1.000,,0.000,0,1,
2021-08-18,10:01,0,1441,3,1.000,,0.000,0,1,
2021-08-18,10:02,0,579,3,20.000,,0.000,0,1,
2021-08-19,07:40,0,685,3,1.000,,0.000,0,1,
2021-08-19,07:52,0,1984,2,1.000,,0.000,0,1,
2021-08-19,08:13,0,591,2,9.000,,0.000,0,1,
2021-08-20,13:23,0,1828,2,1.000,,0.000,0,1,
2021-08-20,13:24,0,1182,2,4.500,,0.000,0,1,
2021-08-20,13:25,0,646,3,10.000,,0.000,0,1,
2021-08-24,08:59,0,680,3,94.000,,0.000,0,1,
2021-08-25,14:22,0,1339,2,3.000,,0.000,0,1,
2021-08-25,14:22,0,1497,2,21.000,,0.000,0,1,
2021-08-25,14:23,0,418,2,1.000,,0.000,0,1,
2021-08-26,09:45,0,1227,2,12.000,,0.000,0,1,
2021-08-26,09:45,0,1228,3,12.000,,0.000,0,1,
2021-08-30,14:14,0,430,2,1.000,,0.000,0,1,
2021-09-02,09:32,0,971,3,3.000,,0.000,0,1,
2021-09-02,10:41,0,1127,2,1.000,,0.000,0,1,
2021-09-02,10:42,0,1128,2,48.000,,0.000,0,1,
2021-09-02,10:43,0,643,3,1.000,,0.000,0,1,
2021-09-02,10:43,0,643,3,1.000,,0.000,0,1,
2021-09-02,10:44,0,1155,2,18.000,,0.000,0,1,
2021-09-02,10:44,0,1156,3,18.000,,0.000,0,1,
2021-09-02,10:46,0,776,2,1.000,,0.000,0,1,
2021-09-02,10:46,0,1848,3,1.000,,0.000,0,1,
2021-09-02,12:37,0,1253,3,1.000,,0.000,0,1,
2021-09-03,07:35,0,298,2,2.000,,0.000,0,1,
2021-09-03,07:36,0,2067,2,11.000,,0.000,0,1,
2021-09-03,07:38,0,814,3,2.000,,0.000,0,1,
2021-09-03,07:38,0,1436,2,10.500,,0.000,0,1,
2021-09-03,07:39,0,1431,3,20.500,,0.000,0,1,
2021-09-10,08:06,0,1423,3,2.000,,0.000,0,1,
2021-09-10,08:06,0,1422,2,1.000,,0.000,0,1,
2021-09-10,08:06,0,30,2,1.000,,0.000,0,1,
2021-09-10,08:07,0,1174,2,3.000,,0.000,0,1,
2021-09-10,08:07,0,1858,2,2.000,,0.000,0,1,
2021-09-10,08:12,0,1701,2,1.000,,0.000,0,1,
2021-09-10,08:12,0,1700,3,1.000,,0.000,0,1,
2021-09-10,08:12,0,1700,3,1.000,,0.000,0,1,
2021-09-10,14:45,0,596,3,7.000,,0.000,0,1,
2021-09-10,14:46,0,593,3,2.000,,0.000,0,1,
2021-09-14,13:13,0,1080,2,3.000,,0.000,0,1,
2021-09-14,13:57,0,943,3,1.000,,0.000,0,1,
2021-09-15,10:21,0,647,2,10.000,,0.000,0,1,
2021-09-15,10:21,0,648,3,1.000,,0.000,0,1,
2021-09-15,10:22,0,1773,3,10.000,,0.000,0,1,
2021-09-15,10:22,0,1428,3,19.000,,0.000,0,1,
2021-09-15,10:22,0,513,2,5.000,,0.000,0,1,
2021-09-15,10:22,0,514,2,44.000,,0.000,0,1,
2021-09-15,10:23,0,1378,2,4.000,,0.000,0,1,
2021-09-15,10:56,0,1501,2,2.000,,0.000,0,1,
2021-09-15,10:56,0,1131,2,1.000,,0.000,0,1,
2021-09-15,10:57,0,677,2,128.000,,0.000,0,1,
2021-09-15,10:58,0,2054,2,1.000,,0.000,0,1,
2021-09-15,15:39,0,431,3,1.000,,0.000,0,1,
2021-09-18,10:28,0,528,3,2.000,,0.000,0,1,
2021-09-20,10:55,0,70,2,15.000,,0.000,0,1,
2021-09-21,20:10,0,1736,3,4.000,,0.000,0,1,
2021-09-23,12:54,0,271,2,1.000,,0.000,0,1,
2021-09-24,13:22,0,1656,3,3.000,,0.000,0,1,
2021-09-29,12:17,0,1767,2,29.000,,0.000,0,1,
2021-09-29,12:18,0,1156,3,18.000,,0.000,0,1,
2021-09-29,12:19,0,514,2,44.000,,0.000,0,1,
2021-09-29,12:20,0,404,3,1.000,,0.000,0,1,
2021-09-29,12:24,0,2042,2,1.000,,0.000,0,1,
2021-09-29,12:25,0,1825,3,5.000,,0.000,0,1,
2021-09-29,12:25,0,1412,3,2.000,,0.000,0,1,
2021-09-29,12:25,0,1520,3,1.000,,0.000,0,1,
2021-09-29,12:25,0,12,3,31.000,,0.000,0,1,
2021-09-29,12:28,0,203,2,1.000,,0.000,0,1,
2021-09-29,12:29,0,1439,3,1.000,,0.000,0,1,
2021-09-30,16:42,0,1668,2,1.000,,0.000,0,1,
2021-10-06,07:34,0,2107,2,1.000,,0.000,0,1,
2021-10-06,08:44,0,871,3,2.000,,0.000,0,1,
2021-10-06,08:44,0,299,3,2.000,,0.000,0,1,
2021-10-06,08:45,0,185,3,1.000,,0.000,0,1,
2021-10-06,08:48,0,45,2,10.000,,0.000,0,1,
2021-10-06,08:48,0,1457,2,3.000,,0.000,0,1,
2021-10-06,08:49,0,1459,3,3.000,,0.000,0,1,
2021-10-08,10:50,0,2187,2,341.000,,0.000,0,1,
2021-10-08,12:44,0,798,2,51.000,,0.000,0,1,
2021-10-08,12:54,0,1253,3,1.000,,0.000,0,1,
2021-10-08,12:54,0,34,3,1.000,,0.000,0,1,
2021-10-08,12:56,0,799,3,47.500,,0.000,0,1,
2021-10-08,13:15,0,800,3,3.500,,0.000,0,1,
2021-10-09,09:40,0,1469,3,2.000,,0.000,0,1,
2021-10-18,09:58,0,70,2,15.000,,0.000,0,1,
2021-10-18,11:29,0,1108,3,14.000,,0.000,0,1,
2021-10-18,15:42,0,70,2,15.000,,0.000,0,1,
2021-10-19,17:08,0,547,2,3.000,,0.000,0,1,
2021-10-19,17:10,0,854,3,3.000,,0.000,0,1,
2021-10-19,17:10,0,851,2,4.000,,0.000,0,1,
2021-10-19,17:11,0,854,3,3.000,,0.000,0,1,
2021-10-25,11:56,0,289,2,7.000,,0.000,0,1,
2021-10-25,11:56,0,882,3,8.000,,0.000,0,1,
2021-10-25,11:57,0,879,3,46.000,,0.000,0,1,
2021-10-25,11:57,0,880,3,10.000,,0.000,0,1,
2021-10-25,15:44,0,1285,2,1.000,,0.000,0,1,
2021-10-26,11:19,0,1225,2,4.000,,0.000,0,1,
2021-10-26,11:21,0,1444,3,11.000,,0.000,0,1,
2021-10-26,11:21,0,879,3,46.000,,0.000,0,1,
2021-10-26,11:21,0,856,3,1.000,,0.000,0,1,
2021-10-26,11:24,0,903,2,6.000,,0.000,0,1,
2021-10-26,11:24,0,815,2,11.000,,0.000,0,1,
2021-10-26,11:25,0,814,3,2.000,,0.000,0,1,
2021-11-03,18:19,0,1195,2,3.000,,0.000,0,1,
2021-11-05,09:53,0,1272,3,1.000,,0.000,0,1,
2021-11-05,09:57,0,971,3,3.000,,0.000,0,1,
2021-11-05,09:57,0,972,2,3.000,,0.000,0,1,
2021-11-05,10:08,0,1956,3,1.000,,0.000,0,1,
2021-11-05,10:34,0,266,2,28.000,,0.000,0,1,
2021-11-05,10:35,0,267,3,28.000,,0.000,0,1,
2021-11-05,13:36,0,1448,2,1.000,,0.000,0,1,
2021-11-05,14:02,0,1444,3,11.000,,0.000,0,1,
2021-11-05,14:02,0,1445,3,6.000,,0.000,0,1,
2021-11-05,14:02,0,1446,2,3.000,,0.000,0,1,
2021-11-05,14:02,0,1447,3,6.000,,0.000,0,1,
2021-11-05,16:11,0,881,2,1.000,,0.000,0,1,
2021-11-08,09:51,0,1108,3,14.000,,0.000,0,1,
2021-11-08,10:40,0,1509,2,1.000,,0.000,0,1,
2021-11-08,12:01,0,1510,3,3.000,,0.000,0,1,
2021-11-09,17:04,0,1763,2,1.000,,0.000,0,1,
2021-11-10,14:51,0,400,2,2.000,,0.000,0,1,
2021-11-12,10:03,0,1410,2,1.000,,0.000,0,1,
2021-11-12,10:08,0,1573,2,19.000,,0.000,0,1,
2021-11-12,10:09,0,1574,3,24.000,,0.000,0,1,
2021-11-12,10:09,0,1575,3,1.000,,0.000,0,1,
2021-11-12,10:11,0,1666,3,1.000,,0.000,0,1,
2021-11-12,10:12,0,1668,2,1.000,,0.000,0,1,
2021-11-12,11:44,0,575,2,102.000,,0.000,0,1,
2021-11-12,11:44,0,577,3,2.000,,0.000,0,1,
2021-11-12,11:45,0,576,3,92.000,,0.000,0,1,
2021-11-12,13:54,0,1783,2,3.000,,0.000,0,1,
2021-11-16,14:50,0,1783,2,3.000,,0.000,0,1,
2021-11-17,17:52,0,965,3,3.000,,0.000,0,1,
2021-11-17,17:52,0,1111,3,30.000,,0.000,0,1,
2021-11-18,15:11,0,565,3,1.000,,0.000,0,1,
2021-11-18,15:11,0,1245,2,1.000,,0.000,0,1,
2021-11-18,15:12,0,1446,2,3.000,,0.000,0,1,
2021-11-18,15:12,0,593,3,2.000,,0.000,0,1,
2021-11-18,15:13,0,1673,2,2.000,,0.000,0,1,
2021-11-18,15:13,0,1414,3,1.000,,0.000,0,1,
2021-11-18,15:13,0,1718,2,4.000,,0.000,0,1,
2021-11-18,15:14,0,1617,3,1.000,,0.000,0,1,
2021-11-23,07:49,0,1669,3,1.000,,0.000,0,1,
2021-11-23,15:45,0,1382,2,10.000,,0.000,0,1,
2021-11-23,15:46,0,1383,3,4.000,,0.000,0,1,
2021-11-24,08:51,0,1108,3,14.000,,0.000,0,1,
2021-11-24,16:30,0,327,3,1.000,,0.000,0,1,
2021-11-24,16:32,0,330,2,1.000,,0.000,0,1,
2021-11-26,08:02,0,2130,2,1.000,,0.000,0,1,
2021-11-26,10:11,0,1194,3,1.000,,0.000,0,1,
2021-11-26,10:11,0,514,2,44.000,,0.000,0,1,
2021-11-26,10:13,0,500,3,5.000,,0.000,0,1,
2021-11-26,10:16,0,132,2,6.000,,0.000,0,1,
2021-11-26,10:16,0,360,3,2.000,,0.000,0,1,
2021-11-26,10:16,0,324,3,2.000,,0.000,0,1,
2021-11-26,10:17,0,323,3,1.000,,0.000,0,1,
2021-11-26,10:18,0,1750,2,186.000,,0.000,0,1,
2021-12-02,13:09,0,528,3,2.000,,0.000,0,1,
2021-12-03,13:43,0,685,3,1.000,,0.000,0,1,
2021-12-03,15:40,0,1110,3,8.000,,0.000,0,1,
2021-12-03,15:44,0,1111,3,30.000,,0.000,0,1,
2021-12-03,15:44,0,1110,3,8.000,,0.000,0,1,
2021-12-03,16:06,0,1111,3,30.000,,0.000,0,1,
2021-12-03,16:14,0,964,2,1.000,,0.000,0,1,
2021-12-03,16:15,0,966,2,2.000,,0.000,0,1,
2021-12-03,16:16,0,967,2,30.000,,0.000,0,1,
2021-12-03,16:17,0,1762,2,8.000,,0.000,0,1,
2021-12-04,11:28,0,1533,2,25.000,,0.000,0,1,
2021-12-04,11:28,0,1534,3,25.000,,0.000,0,1,
2021-12-06,10:18,0,947,3,2.000,,0.000,0,1,
2021-12-07,13:09,0,1228,3,12.000,,0.000,0,1,
2021-12-07,13:10,0,773,3,1.000,,0.000,0,1,
2021-12-07,13:11,0,907,2,5.000,,0.000,0,1,
2021-12-07,13:12,0,94,3,1.000,,0.000,0,1,
2021-12-07,13:12,0,1548,2,1.000,,0.000,0,1,
2021-12-07,13:13,0,1375,3,2.000,,0.000,0,1,
2021-12-07,13:13,0,1377,2,2.000,,0.000,0,1,
2021-12-07,13:13,0,58,3,2.000,,0.000,0,1,
2021-12-07,13:14,0,1451,3,2.000,,0.000,0,1,
2021-12-07,13:14,0,1452,3,3.000,,0.000,0,1,
2021-12-07,13:15,0,1453,2,3.000,,0.000,0,1,
2021-12-07,13:15,0,260,2,1.000,,0.000,0,1,
2021-12-07,13:16,0,1183,3,4.500,,0.000,0,1,
2021-12-07,13:17,0,792,2,1.000,,0.000,0,1,
2021-12-07,13:18,0,62,3,1.000,,0.000,0,1,
2021-12-07,13:18,0,981,3,71.000,,0.000,0,1,
2021-12-08,16:05,0,1126,2,1.000,,0.000,0,1,
2021-12-09,13:18,0,1029,2,1.000,,0.000,0,1,
2021-12-09,13:32,0,1396,3,8.000,,0.000,0,1,
2021-12-10,13:30,0,1236,3,10.000,,0.000,0,1,
2021-12-10,13:30,0,1080,2,3.000,,0.000,0,1,
2021-12-14,08:56,0,908,2,1.000,,0.000,0,1,
2021-12-14,17:55,0,963,3,1.000,,0.000,0,1,
2021-12-15,14:34,0,526,2,8.000,,0.000,0,1,
2021-12-17,10:25,0,632,3,1.000,,0.000,0,1,
2021-12-18,11:19,0,1648,2,2.000,,0.000,0,1,
2021-12-18,11:19,0,1649,2,1.000,,0.000,0,1,
2021-12-18,11:20,0,1403,2,3.000,,0.000,0,1,
2021-12-18,15:06,0,1470,3,1.000,,0.000,0,1,
2021-12-18,15:06,0,2021,2,2.000,,0.000,0,1,
2021-12-21,09:53,0,1787,2,1.000,,0.000,0,1,
2021-12-23,11:30,0,1325,2,2.000,,0.000,0,1,
2021-12-27,16:01,0,2062,2,1.000,,0.000,0,1,
2021-12-27,16:02,0,1178,3,3.000,,0.000,0,1,
2021-12-27,16:03,0,1753,3,8.000,,0.000,0,1,
2021-12-27,16:03,0,204,3,1.000,,0.000,0,1,
2021-12-27,16:04,0,121,3,1.000,,0.000,0,1,
2021-12-27,16:04,0,431,3,1.000,,0.000,0,1,
2021-12-27,16:07,0,608,3,7.000,,0.000,0,1,
2021-12-27,16:07,0,607,3,2.000,,0.000,0,1,
2021-12-27,16:07,0,902,3,2.000,,0.000,0,1,
2021-12-27,16:08,0,1822,2,5.000,,0.000,0,1,
2021-12-27,16:36,0,1391,2,61.500,,0.000,0,1,
2021-12-27,16:37,0,794,3,58.500,,0.000,0,1,
2021-12-27,16:37,0,1392,2,4.000,,0.000,0,1,
2021-12-27,16:45,0,1255,2,2.000,,0.000,0,1,
2021-12-27,16:46,0,1254,3,2.000,,0.000,0,1,
2021-12-28,09:57,0,1285,2,1.000,,0.000,0,1,
2021-12-28,11:54,0,266,2,28.000,,0.000,0,1,
2021-12-28,11:54,0,712,2,2.000,,0.000,0,1,
2021-12-28,11:54,0,713,3,1.000,,0.000,0,1,
2022-01-06,09:44,0,1024,3,256.000,,0.000,0,1,
2022-01-06,09:45,0,632,3,1.000,,0.000,0,1,
2022-01-06,10:41,0,882,3,8.000,,0.000,0,1,
2022-01-07,13:51,0,123,2,3.000,,0.000,0,1,
2022-01-12,09:51,0,681,3,1.000,,0.000,0,1,
2022-01-12,09:51,0,1619,2,1.000,,0.000,0,1,
2022-01-12,09:53,0,907,2,5.000,,0.000,0,1,
2022-01-12,09:55,0,1520,3,1.000,,0.000,0,1,
2022-01-12,09:57,0,1412,3,2.000,,0.000,0,1,
2022-01-12,09:57,0,1413,2,1.000,,0.000,0,1,
2022-01-12,09:58,0,1773,3,10.000,,0.000,0,1,
2022-01-12,09:58,0,1335,3,2.000,,0.000,0,1,
2022-01-12,09:59,0,2011,2,1.000,,0.000,0,1,
2022-01-12,09:59,0,1707,2,6.000,,0.000,0,1,
2022-01-12,10:00,0,925,2,6.000,,0.000,0,1,
2022-01-12,10:00,0,785,3,1.000,,0.000,0,1,
2022-01-12,13:55,0,1236,3,10.000,,0.000,0,1,
2022-01-12,13:56,0,1754,2,168.000,,0.000,0,1,
2022-01-12,13:56,0,1897,2,8.000,,0.000,0,1,
2022-01-18,08:57,0,5,3,1.000,,0.000,0,1,
2022-01-18,08:57,0,6,2,2.000,,0.000,0,1,
2022-01-18,08:57,0,813,3,9.000,,0.000,0,1,
2022-01-18,08:58,0,1782,2,11.000,,0.000,0,1,
2022-01-18,12:35,0,1168,3,4.000,,0.000,0,1,
2022-01-18,12:36,0,1170,3,7.000,,0.000,0,1,
2022-01-18,12:36,0,1171,2,7.000,,0.000,0,1,
2022-01-18,12:36,0,1172,2,4.000,,0.000,0,1,
2022-01-19,08:25,0,1990,3,1.000,,0.000,0,1,
2022-01-28,06:51,0,867,2,1.000,,0.000,0,1,
2022-02-02,09:52,0,1344,2,1.000,,0.000,0,1,
2022-02-02,09:53,0,264,2,65.000,,0.000,0,1,
2022-02-02,09:53,0,597,2,10.000,,0.000,0,1,
2022-02-02,09:54,0,598,2,7.000,,0.000,0,1,
2022-02-02,09:54,0,1754,2,168.000,,0.000,0,1,
2022-02-02,09:54,0,1750,2,186.000,,0.000,0,1,
2022-02-02,09:55,0,1155,2,18.000,,0.000,0,1,
2022-02-02,09:56,0,97,2,2518.000,,0.000,0,1,
2022-02-02,10:02,0,12,3,31.000,,0.000,0,1,
2022-02-02,10:03,0,1408,3,1.000,,0.000,0,1,
2022-02-02,10:03,0,914,3,4.000,,0.000,0,1,
2022-02-09,15:06,0,1095,3,40.000,,0.000,0,1,
2022-02-09,15:07,0,1093,2,40.000,,0.000,0,1,
2022-02-10,10:38,0,1196,3,3.000,,0.000,0,1,
2022-02-15,13:04,0,1178,3,3.000,,0.000,0,1,
2022-02-15,13:05,0,644,2,1.000,,0.000,0,1,
2022-02-15,13:05,0,646,3,10.000,,0.000,0,1,
2022-02-15,13:06,0,639,2,1.000,,0.000,0,1,
2022-02-15,13:06,0,643,3,1.000,,0.000,0,1,
2022-02-15,13:06,0,647,2,10.000,,0.000,0,1,
2022-02-15,13:06,0,649,3,2.000,,0.000,0,1,
2022-02-15,13:23,0,800,3,3.500,,0.000,0,1,
2022-02-15,13:24,0,1783,2,3.000,,0.000,0,1,
2022-02-15,13:25,0,647,2,10.000,,0.000,0,1,
2022-02-15,13:25,0,799,3,47.500,,0.000,0,1,
2022-02-15,13:26,0,1287,2,2.000,,0.000,0,1,
2022-02-15,13:26,0,55,2,2.000,,0.000,0,1,
2022-02-15,13:27,0,843,3,3.000,,0.000,0,1,
2022-02-15,13:29,0,970,3,6.000,,0.000,0,1,
2022-02-15,13:30,0,2111,2,1.000,,0.000,0,1,
2022-02-15,13:31,0,522,2,7.000,,0.000,0,1,
2022-02-15,13:31,0,520,3,1.000,,0.000,0,1,
2022-02-15,13:32,0,523,3,7.000,,0.000,0,1,
2022-02-15,13:32,0,813,3,9.000,,0.000,0,1,
2022-02-15,13:32,0,419,3,1.000,,0.000,0,1,
2022-02-15,13:33,0,1848,3,1.000,,0.000,0,1,
2022-02-17,08:10,0,1170,3,7.000,,0.000,0,1,
2022-02-17,08:10,0,559,2,1.000,,0.000,0,1,
2022-02-17,08:10,0,560,2,1.000,,0.000,0,1,
2022-02-17,08:11,0,563,3,1.000,,0.000,0,1,
2022-02-17,08:11,0,566,2,2.000,,0.000,0,1,
2022-02-17,08:12,0,570,3,2.000,,0.000,0,1,
2022-02-17,08:16,0,653,3,4.000,,0.000,0,1,
2022-02-17,08:21,0,1691,2,3.000,,0.000,0,1,
2022-02-17,08:22,0,396,3,3.000,,0.000,0,1,
2022-02-17,08:23,0,1252,2,1.000,,0.000,0,1,
2022-02-17,08:23,0,1253,3,1.000,,0.000,0,1,
2022-02-17,08:24,0,1719,3,3.000,,0.000,0,1,
2022-02-25,10:04,0,1449,2,8.000,,0.000,0,1,
2022-02-25,10:07,0,1450,3,9.000,,0.000,0,1,
2022-02-28,09:25,0,48,2,31.000,,0.000,0,1,
2022-03-02,13:30,0,1784,3,3.000,,0.000,0,1,
2022-03-03,10:56,0,167,3,7.000,,0.000,0,1,
2022-03-03,10:56,0,525,3,1.000,,0.000,0,1,
2022-03-03,10:57,0,938,2,1.000,,0.000,0,1,
2022-03-03,10:57,0,763,3,29.000,,0.000,0,1,
2022-03-03,10:58,0,1285,2,1.000,,0.000,0,1,
2022-03-03,11:00,0,1335,3,2.000,,0.000,0,1,
2022-03-03,11:02,0,1373,2,11.000,,0.000,0,1,
2022-03-09,09:30,0,385,2,3.000,,0.000,0,1,
2022-03-09,09:30,0,1106,2,2.000,,0.000,0,1,
2022-03-09,09:31,0,526,2,8.000,,0.000,0,1,
2022-03-09,09:32,0,30,2,1.000,,0.000,0,1,
2022-03-09,09:37,0,897,2,5.000,,0.000,0,1,
2022-03-09,09:37,0,127,2,1.000,,0.000,0,1,
2022-03-15,14:28,0,964,2,1.000,,0.000,0,1,
2022-03-15,14:31,0,1897,2,8.000,,0.000,0,1,
2022-03-17,09:07,0,1025,3,2.000,,0.000,0,1,
2022-03-17,09:07,0,1156,3,18.000,,0.000,0,1,
2022-03-17,09:09,0,66,2,1.000,,0.000,0,1,
2022-03-17,15:35,0,971,3,3.000,,0.000,0,1,
2022-03-17,15:35,0,972,2,3.000,,0.000,0,1,
2022-03-18,08:43,0,439,3,1.000,,0.000,0,1,
2022-03-18,15:07,0,765,3,168.000,,0.000,0,1,
2022-03-18,15:25,0,1888,3,1.000,,0.000,0,1,
2022-03-19,09:19,0,71,3,58.000,,0.000,0,1,
2022-03-19,09:34,0,13,3,1.000,,0.000,0,1,
2022-03-19,09:43,0,1886,2,1.000,,0.000,0,1,
2022-03-21,13:10,0,765,3,168.000,,0.000,0,1,
2022-03-22,09:53,0,1306,2,3.000,,0.000,0,1,
2022-03-22,09:53,0,1307,3,3.000,,0.000,0,1,
2022-03-22,09:54,0,1308,2,1.000,,0.000,0,1,
2022-03-22,09:55,0,1309,3,1.000,,0.000,0,1,
2022-03-22,09:58,0,1308,2,1.000,,0.000,0,1,
2022-03-23,09:48,0,1463,2,19.000,,0.000,0,1,
2022-03-23,09:49,0,1143,3,51.500,,0.000,0,1,
2022-03-23,09:49,0,1144,2,2.000,,0.000,0,1,
2022-03-23,09:52,0,914,3,4.000,,0.000,0,1,
2022-03-23,09:53,0,1619,2,1.000,,0.000,0,1,
2022-03-23,09:53,0,608,3,7.000,,0.000,0,1,
2022-03-23,09:53,0,2,2,1.000,,0.000,0,1,
2022-03-23,09:54,0,714,3,29.000,,0.000,0,1,
2022-03-23,11:48,0,765,3,168.000,,0.000,0,1,
2022-03-25,12:38,0,528,3,2.000,,0.000,0,1,
2022-03-25,16:30,0,1589,3,2.000,,0.000,0,1,
2022-03-25,16:30,0,1590,2,1.000,,0.000,0,1,
2022-03-25,16:31,0,1591,3,1.000,,0.000,0,1,
2022-03-25,16:31,0,1592,3,1.000,,0.000,0,1,
2022-03-25,16:33,0,1595,2,6.000,,0.000,0,1,
2022-03-25,16:33,0,1596,2,1.000,,0.000,0,1,
2022-03-25,16:34,0,1597,3,7.000,,0.000,0,1,
2022-03-25,16:35,0,1599,2,1.000,,0.000,0,1,
2022-03-25,16:35,0,1600,3,1.000,,0.000,0,1,
2022-04-05,09:21,0,815,2,11.000,,0.000,0,1,
2022-04-05,09:22,0,166,2,10.000,,0.000,0,1,
2022-04-05,09:22,0,576,3,92.000,,0.000,0,1,
2022-04-05,09:25,0,45,2,10.000,,0.000,0,1,
2022-04-05,09:25,0,607,3,2.000,,0.000,0,1,
2022-04-05,09:25,0,1351,3,2.000,,0.000,0,1,
2022-04-05,09:26,0,1750,2,186.000,,0.000,0,1,
2022-04-05,09:26,0,515,3,1.000,,0.000,0,1,
2022-04-05,09:26,0,1607,3,1.000,,0.000,0,1,
2022-04-05,09:27,0,327,3,1.000,,0.000,0,1,
2022-04-07,08:22,0,796,2,26.000,,0.000,0,1,
2022-04-07,08:23,0,1830,2,2.000,,0.000,0,1,
2022-04-07,08:24,0,987,3,4.000,,0.000,0,1,
2022-04-07,08:24,0,987,3,3.000,,0.000,0,1,
2022-04-07,11:35,0,1244,3,80.000,,0.000,0,1,
2022-04-07,11:35,0,1757,2,180.000,,0.000,0,1,
2022-04-07,11:36,0,1242,3,1506.000,,0.000,0,1,
2022-04-07,14:16,0,1534,3,25.000,,0.000,0,1,
2022-04-07,14:16,0,1533,2,25.000,,0.000,0,1,
2022-04-08,07:23,0,333,3,285.000,,0.000,0,1,
2022-04-12,07:23,0,1085,3,3.000,,0.000,0,1,
2022-04-12,15:55,0,737,2,1.000,,0.000,0,1,
2022-05-18,08:46,0,57,3,28.000,,0.000,0,1,
2022-05-18,09:07,0,298,2,2.000,,0.000,0,1,
2022-05-18,09:08,0,1520,3,1.000,,0.000,0,1,
2022-05-18,09:08,0,259,3,1.000,,0.000,0,1,
2022-05-18,09:10,0,1335,3,2.000,,0.000,0,1,
2022-05-18,09:10,0,2144,2,2.000,,0.000,0,1,
2022-05-18,09:11,0,1364,3,3.000,,0.000,0,1,
2022-05-18,09:14,0,1146,2,5.000,,0.000,0,1,
2022-05-18,09:14,0,1326,2,227.000,,0.000,0,1,
2022-05-18,09:16,0,1334,3,5.000,,0.000,0,1,
2022-05-18,09:16,0,292,2,1.000,,0.000,0,1,
2022-05-18,09:16,0,291,3,1.000,,0.000,0,1,
2022-05-18,09:18,0,1240,2,8.000,,0.000,0,1,
2022-04-22,11:07,0,939,3,1.000,,0.000,0,1,
2022-04-23,08:52,0,1442,2,20.000,,0.000,0,1,
2022-04-26,07:57,0,512,3,11.000,,0.000,0,1,
2022-04-26,07:57,0,419,3,1.000,,0.000,0,1,
2022-04-26,07:58,0,1622,3,1.000,,0.000,0,1,
2022-04-26,07:58,0,643,3,1.000,,0.000,0,1,
2022-04-26,07:59,0,1438,2,1.000,,0.000,0,1,
2022-04-26,07:59,0,1441,3,1.000,,0.000,0,1,
2022-04-26,10:00,0,1586,3,1.000,,0.000,0,1,
2022-04-29,10:07,0,1,5,1.000,-6.000,1.500,0,1,10036908
2022-04-29,10:07,0,3,5,1.000,-3.000,1.500,0,1,10036908
2022-04-29,10:07,0,4,5,1.000,-6.000,2.500,0,1,10036908
2022-04-29,10:27,0,20,5,20.000,-2538.000,5.000,0,1,10036909
2022-04-29,10:27,0,333,5,1.000,-286.000,40.000,0,1,10036909
2022-04-29,10:27,0,326,5,1.000,-78.000,20.000,0,1,10036909
2022-04-29,10:34,0,20,5,20.000,-2558.000,5.000,0,1,10036910
2022-04-29,10:34,0,333,5,2.000,-288.000,40.000,0,1,10036910
2022-04-29,10:34,0,326,5,2.000,-80.000,20.000,0,1,10036910
2022-04-29,10:35,0,20,5,20.000,-2578.000,5.000,0,1,10036911
2022-04-29,10:35,0,333,5,1.000,-289.000,40.000,0,1,10036911
2022-06-18,08:52,0,20,5,1.000,-2579.000,5.000,0,1,10036913
2022-06-18,08:59,0,20,5,1.000,-2580.000,5.000,0,1,10036914
2022-11-02,08:13,0,2155,2,0.000,0.000,0.000,0,1,0
2023-01-31,11:50,0,1043,2,27.000,20.000,0.000,0,1,0
2023-03-17,14:50,0,8,8,1.000,1.000,1.700,0,1,10036916
2023-06-12,07:59,0,20,5,1.000,-2581.000,5.000,0,1,10036918
2024-03-20,17:17,0,1848,5,2.000,-3.000,40.000,0,1,10036925
2024-03-20,17:17,0,1452,5,1.000,-4.000,12.000,0,1,10036925
2024-05-01,10:31,0,1728,5,1.000,-1.000,15.000,0,1,10036929
2024-05-01,10:31,0,942,5,1.000,-1.000,15.000,0,1,10036929
2024-05-01,10:31,0,1443,5,7.000,-8.000,5.000,0,1,10036929
2024-05-01,10:31,0,583,5,8.000,-8.000,7.000,0,1,10036929
2024-05-01,10:32,0,1728,5,1.000,-2.000,15.000,0,1,10036930
2024-05-01,10:32,0,942,5,1.000,-2.000,15.000,0,1,10036930
2024-05-01,10:32,0,1443,5,7.000,-15.000,5.000,0,1,10036930
2024-05-01,10:32,0,583,5,8.000,-16.000,7.000,0,1,10036930
2024-05-01,10:34,0,1728,5,1.000,-3.000,15.000,0,1,10036931
2024-05-01,10:34,0,942,5,1.000,-3.000,15.000,0,1,10036931
2024-05-01,10:34,0,1443,5,7.000,-22.000,5.000,0,1,10036931
2024-05-01,10:34,0,583,5,1.000,-17.000,7.000,0,1,10036931
2024-06-18,14:04,0,1753,5,1.000,-9.000,16.000,0,1,10036938
2024-06-18,14:04,0,420,5,1.000,-1.000,53.000,0,1,10036938
2024-08-20,17:09,0,1753,5,1.000,-10.000,16.000,0,1,10036945
2024-08-20,17:09,0,784,5,13.000,-13.000,12.000,0,1,10036945
2024-09-17,17:24,0,714,5,1.000,-32.000,16.000,0,1,10036951
2024-12-13,09:05,0,1637,5,10.000,-10.000,8.000,0,1,10036961
2024-12-13,11:22,0,1381,5,1.000,-61.000,25.000,0,1,10036962
2024-12-27,10:57,0,1162,5,1.000,-1.000,2.500,0,1,10036965
2024-12-27,10:57,0,1024,5,15.000,-271.000,2.500,0,1,10036965
2025-03-14,11:10,0,1504,5,2.000,-2.000,55.000,0,1,10036969
2025-03-14,11:10,0,1625,5,1.000,-1.000,30.000,0,1,10036969
2025-03-14,11:10,0,1292,5,12.000,-12.000,10.000,0,1,10036969
2025-04-21,09:45,0,1441,5,1.000,-2.000,25.000,0,1,10036973
2025-05-29,10:53,0,1165,5,1.000,-1.000,6.000,0,1,10036979
2025-05-29,10:53,0,1241,5,1.000,-187.000,12.000,0,1,10036979
2025-05-29,10:53,0,1821,5,1.000,-1.000,15.000,0,1,10036979
2025-05-29,10:53,0,765,5,1.000,-169.000,25.000,0,1,10036979
2025-06-12,09:33,0,12,5,1.000,-32.000,28.000,0,1,10036981
2025-06-12,09:33,0,1277,5,1.000,-1.000,12.000,0,1,10036981
2025-06-19,08:39,0,1303,5,10.000,-19.500,4.500,0,1,10036983
2025-06-19,08:39,0,197,5,1.000,-87.000,3.000,0,1,10036983
2025-06-19,08:39,0,1024,5,1.000,-272.000,2.500,0,1,10036983
2025-06-19,08:39,0,535,5,2.000,-2.000,1.500,0,1,10036983
2025-06-23,15:08,0,1425,5,1.000,-1.000,8.000,0,1,10036985
2025-07-28,13:03,0,20,5,15.000,-2596.000,6.000,0,1,10036987
2025-07-28,13:03,0,1327,5,7.000,-7.000,6.000,0,1,10036987
2025-07-28,13:03,0,333,5,2.000,-291.000,43.000,0,1,10036987
2025-07-28,13:03,0,1666,5,3.000,-4.000,17.000,0,1,10036987
2025-07-28,13:03,0,1573,5,3.000,-9.000,5.000,0,1,10036987
2025-07-28,13:03,0,1198,5,1.000,-1.000,110.000,0,1,10036987
2025-07-28,13:03,0,1434,5,1.000,-2.000,20.000,0,1,10036987
2025-07-28,13:03,0,854,5,1.000,-5.000,33.000,0,1,10036987
2025-07-28,13:03,0,94,5,1.000,-3.000,25.000,0,1,10036987
2025-08-29,04:09,0,1479,5,1.000,-1.000,25.000,0,1,10036992
2026-01-03,17:08,0,18,5,1.000,-1.000,5.000,0,1,10036998
2026-01-03,17:10,0,1626,5,1.000,-1.000,18.000,0,1,10036999
2026-01-03,17:10,0,1570,5,1.000,-1.000,20.000,0,1,10036999
2026-01-03,17:20,0,688,5,6.000,-6.000,6.000,0,1,10037000
2026-02-26,09:35,0,1024,5,20.000,-292.000,2.500,0,1,10037002
2026-02-26,09:35,0,2126,5,1.000,-1.000,13.000,0,1,10037002
2026-03-05,11:37,0,1111,5,1.000,-31.000,65.000,0,1,10037004
2026-03-27,16:01,0,1878,5,1.000,-1.000,30.000,0,1,10037006
2026-04-02,15:53,0,333,5,5.000,-296.000,45.000,0,1,10037008
2026-04-02,15:53,0,20,5,72.000,-2668.000,6.000,0,1,10037008
2026-04-02,15:53,0,1237,5,1.000,-1.000,125.000,0,1,10037008
2026-04-02,15:54,0,1082,5,1.000,-1.000,590.000,0,1,10037008
2026-05-08,11:20,0,676,5,8.000,-168.000,2.000,0,1,10037010
2026-06-06,12:31,0,1210,5,1.000,-1.000,75.000,0,1,10037014
2026-06-06,12:31,0,981,5,2.000,-73.000,12.000,0,1,10037014
2026-06-06,12:31,0,1625,5,5.000,-6.000,30.000,0,1,10037014
